Overall Qual,Year Built,Exter Qual,Gr Liv Area,Kitchen Qual,Bsmt Qual,Neighborhood,SalePrice
6,1976,3,1479,3,3,Sawyer,130500
7,1996,3,2122,3,4,SawyerW,220000
5,1953,2,1057,3,3,NAmes,109000
5,2006,2,1444,2,4,Timber,174000
6,1900,2,1445,2,2,SawyerW,138500
6,1966,3,1888,3,3,NAmes,190000
6,2005,2,1072,2,4,Edwards,140000
5,1959,2,1188,2,3,NAmes,142000
5,1952,2,924,2,3,OldTown,112500
5,1969,2,2080,1,4,NAmes,135000
6,1971,2,987,2,3,BrDale,85400
7,2005,3,1208,3,4,CollgCr,183600
5,1880,3,2016,2,0,SawyerW,131000
8,1999,3,1607,3,4,Somerst,200000
7,2007,3,1361,3,4,CollgCr,193000
5,2004,2,1430,3,5,Mitchel,173500
5,1916,2,1344,2,3,OldTown,98000
5,1963,2,1121,2,3,Sawyer,139000
6,1977,2,1285,2,3,Sawyer,143500
7,2009,2,1547,3,4,Somerst,215200
5,1968,2,894,2,4,Sawyer,129000
8,2000,3,1659,4,4,StoneBr,278000
8,2005,3,2253,4,5,NridgHt,344133
6,1992,2,1187,2,4,Gilbert,185000
5,1955,2,1056,2,3,Gilbert,145000
6,1961,2,1453,2,3,NAmes,187500
5,1965,2,894,2,3,Sawyer,138500
5,1937,2,1938,3,3,Crawfor,198000
5,1895,2,1991,2,3,IDOTRR,119600
5,1949,2,924,2,3,NAmes,122900
8,1981,3,2524,3,4,NWAmes,278000
8,1929,2,1517,3,4,Crawfor,230000
8,1995,3,1494,4,4,Veenker,270000
6,1952,2,948,2,3,NAmes,125000
8,2007,3,1718,3,5,CollgCr,297000
6,1958,2,1142,2,4,NAmes,113500
5,1977,2,1475,2,3,MeadowV,127000
6,1977,2,1844,2,4,NWAmes,190000
7,1973,2,1242,2,3,NWAmes,175500
5,1994,2,990,2,4,CollgCr,146000
5,1965,3,1256,2,3,Edwards,147500
10,2006,4,2076,4,5,NridgHt,465000
5,1978,2,1110,3,4,Mitchel,165500
5,1954,2,1795,2,3,OldTown,131500
5,1965,2,1040,2,3,Sawyer,129500
8,1935,2,1873,2,3,Crawfor,257076
5,1941,2,1604,2,3,Edwards,117000
7,1931,2,1502,2,4,Crawfor,149000
5,1954,2,1063,2,3,NAmes,128000
7,2003,3,1626,3,4,NridgHt,155000
6,2000,3,1524,3,4,Somerst,166000
4,1928,2,1981,3,3,SWISU,135000
7,1978,2,2784,3,4,NWAmes,250000
4,1970,2,1092,2,3,MeadowV,76000
6,1951,2,1575,3,3,NAmes,155000
6,1969,2,1352,2,3,Sawyer,158000
7,2004,3,1200,3,4,Somerst,149500
5,1954,2,936,2,3,NAmes,121000
6,1953,2,1040,2,3,NAmes,136000
6,1996,2,1636,2,4,Gilbert,173000
8,1999,3,2270,3,4,NoRidge,290000
8,2007,3,2610,4,4,Somerst,303477
7,1977,3,1483,2,4,ClearCr,270000
5,1920,1,1740,4,3,OldTown,122250
5,1955,2,1382,3,3,NAmes,153000
5,2007,2,1120,2,4,Mitchel,147000
7,1930,2,1098,2,4,Crawfor,148500
7,2004,3,1708,3,4,Edwards,130000
9,2006,4,1802,4,5,NridgHt,372000
7,2005,3,1506,3,4,Blmngtn,213490
7,2009,3,1508,3,4,Edwards,308030
7,1996,3,2032,3,5,Mitchel,300000
6,1959,2,1194,2,3,NAmes,159500
7,2004,3,1709,3,4,Edwards,137500
7,2005,3,1616,3,4,Somerst,232000
6,1930,3,768,2,3,IDOTRR,93850
5,1924,2,872,1,3,Sawyer,105000
4,1927,2,520,1,3,BrkSide,68500
5,1960,2,2274,2,3,NAmes,154300
5,1925,3,1601,2,3,IDOTRR,129850
5,1910,2,1232,2,3,OldTown,114000
9,2008,4,2234,4,5,StoneBr,501837
5,1915,2,1416,2,3,OldTown,153900
4,1971,2,864,2,3,NAmes,130000
6,1997,2,1189,2,5,Mitchel,160500
9,2006,4,1666,3,5,NridgHt,310090
7,2003,3,1200,3,4,SawyerW,184900
5,1956,2,928,2,4,NAmes,132000
5,1969,2,1336,2,4,NWAmes,163000
7,2004,3,1200,3,4,Somerst,155000
6,1969,2,1427,2,3,NWAmes,183000
7,1996,3,1992,3,4,CollgCr,211000
7,1994,3,1540,3,4,SawyerW,184000
5,1979,2,1535,2,0,SawyerW,118858
5,1964,2,1152,2,3,NAmes,180500
8,2006,3,1151,3,4,Somerst,166000
6,1960,2,1138,2,3,Sawyer,148000
5,1956,2,1074,3,3,NAmes,124000
9,2005,4,1561,4,5,NridgHt,277500
8,1995,3,2726,3,4,NoRidge,350000
9,2004,4,1884,4,5,StoneBr,387000
4,1920,2,605,2,3,Edwards,86000
8,1976,4,1671,4,4,Veenker,290000
3,1900,2,797,2,2,IDOTRR,44000
6,2001,2,1961,3,5,Mitchel,215000
5,1972,2,1193,2,4,NWAmes,146500
7,2000,3,1382,3,4,Somerst,165000
6,1916,2,2526,3,3,OldTown,136000
6,1957,2,1390,4,4,NAmes,252000
7,2003,3,1626,3,4,NridgHt,175500
5,1939,2,1558,2,3,OldTown,150000
5,1960,2,1422,2,3,NAmes,139900
5,1930,2,1573,2,3,BrkSide,162900
6,1962,2,1116,2,3,NAmes,160000
2,1947,2,660,1,0,Sawyer,63900
6,1978,2,1707,2,3,NWAmes,184000
5,1959,2,1466,1,3,Edwards,149900
9,2000,3,1638,4,4,Somerst,300000
5,1960,2,1721,2,3,ClearCr,145000
6,1997,2,1764,3,4,CollgCr,231500
5,1940,2,996,2,3,Edwards,108000
5,1956,2,1202,2,3,NAmes,120000
5,1961,2,988,2,3,Sawyer,128500
5,1927,2,1028,2,3,OldTown,115000
5,1947,2,1284,2,3,OldTown,110000
9,1977,3,2944,3,4,Veenker,150000
8,2004,3,1414,3,5,Gilbert,178000
7,1932,2,1609,3,3,Crawfor,199500
6,1997,2,1525,2,3,Gilbert,183500
5,1967,1,1656,2,4,IDOTRR,126000
7,1977,2,1055,2,4,NPkVill,148500
5,1939,2,1352,3,3,OldTown,149000
6,1977,2,1456,2,4,NPkVill,137900
8,1993,3,1719,3,4,Veenker,324000
5,1925,2,864,2,3,Edwards,98000
6,1973,2,987,2,3,BrDale,103400
5,1875,2,1020,2,3,Sawyer,94000
8,2006,3,1554,3,4,NridgHt,209500
10,2006,4,3390,4,5,StoneBr,545224
6,1912,3,1560,3,3,OldTown,159900
4,1951,2,864,2,3,Gilbert,141000
6,2000,2,1889,2,4,Gilbert,215000
5,1962,2,1040,2,3,Sawyer,127000
5,1954,2,1172,2,3,Edwards,128000
8,2010,3,1418,3,5,Somerst,267916
6,1931,2,1367,2,3,BrkSide,127500
7,2003,3,1922,3,0,Edwards,198500
6,1981,2,1422,3,4,NWAmes,175500
7,2000,3,1842,3,4,CollgCr,217500
4,1915,2,1962,2,3,OldTown,149500
5,1966,3,1120,2,3,NAmes,148800
9,2005,3,2868,4,5,StoneBr,556581
6,1957,2,1478,2,3,NAmes,156500
7,1995,3,1995,3,4,CollgCr,237000
5,1958,2,912,2,3,NAmes,120000
6,2005,2,1326,3,4,Gilbert,203000
8,1987,2,1204,2,4,StoneBr,130000
6,1964,2,1611,2,3,NAmes,167900
4,1970,2,960,2,3,BrkSide,129000
5,1957,2,1236,3,3,NAmes,134450
5,1918,2,1416,3,3,Sawyer,112000
7,1988,3,1873,3,4,SawyerW,207000
5,1922,2,2128,2,3,OldTown,62500
7,2003,3,1626,3,4,NridgHt,154000
5,1957,2,816,2,3,NAmes,129900
5,1976,2,1112,2,4,MeadowV,85000
7,1926,2,1111,2,3,OldTown,116900
6,1978,2,1441,2,3,NPkVill,148500
4,1941,2,924,1,4,Edwards,80000
5,1984,2,1126,2,4,Sawyer,152000
5,1954,2,992,2,2,Edwards,155891
6,1920,2,1376,3,3,BrkSide,165000
7,2009,3,1218,3,4,Somerst,204500
5,1942,2,1644,3,3,NAmes,146500
7,1978,2,1601,2,4,NWAmes,157000
7,1890,2,2495,2,3,OldTown,184000
6,2002,3,1509,3,4,Gilbert,183200
5,1962,2,1092,2,3,Sawyer,139000
7,1993,3,2418,3,4,NoRidge,341000
6,1971,2,987,2,3,BrDale,96000
4,2003,2,1121,2,4,Edwards,140000
6,1957,2,1236,2,3,OldTown,149700
5,1975,2,1074,2,4,NWAmes,153500
1,1952,1,733,1,0,IDOTRR,13100
7,2003,3,1768,3,4,CollgCr,224900
7,2005,3,1266,3,4,Somerst,176000
8,1992,3,2872,3,4,NoRidge,285000
8,2007,3,1464,3,4,Somerst,282922
7,1966,2,2157,3,3,NAmes,226000
8,2006,4,2576,4,5,StoneBr,361919
9,2005,3,2798,4,5,StoneBr,457347
8,1976,3,1743,3,4,ClearCr,279000
6,1977,2,1567,3,3,Mitchel,196000
7,1976,2,1370,2,4,NWAmes,152000
5,1969,2,2634,2,3,NAmes,200000
8,2005,3,1590,4,5,CollgCr,294900
7,2008,3,1450,3,4,SawyerW,224243
6,1915,2,1338,2,2,Edwards,92000
7,2007,3,1456,3,4,Gilbert,179540
10,2003,4,2392,4,5,NridgHt,386250
4,1970,2,992,2,4,MeadowV,106500
10,2008,4,2007,4,5,Somerst,310000
7,1998,3,2385,3,4,NoRidge,252000
7,1941,2,1646,2,3,Crawfor,164000
7,2007,3,1456,3,4,Gilbert,177594
5,1936,2,1040,2,3,BrkSide,123900
6,1918,2,2624,2,4,Crawfor,239000
5,1965,2,1264,2,3,Mitchel,169000
7,2003,3,1557,3,4,Blmngtn,234000
6,1977,2,1287,2,4,Mitchel,173000
6,1970,2,1004,2,3,NAmes,149000
7,2007,3,1162,3,4,SawyerW,170000
7,2008,3,1436,3,5,Somerst,225000
5,1963,2,960,3,3,Sawyer,144900
5,1968,2,1196,2,4,Edwards,144000
8,2004,3,1269,3,4,Blmngtn,192000
5,1952,3,1031,3,3,NAmes,145500
4,1900,2,720,1,2,OldTown,86900
6,1953,2,1505,2,3,NAmes,149500
5,1938,2,954,1,2,Crawfor,119750
6,2005,2,1500,3,4,CollgCr,173900
5,1961,2,1050,2,3,NAmes,136500
8,1994,3,2687,3,4,StoneBr,270000
6,1960,2,1252,2,4,ClearCr,235000
7,1999,2,1430,2,4,Gilbert,156000
5,2003,2,1114,3,4,SawyerW,153000
6,1999,2,1224,2,5,Mitchel,165000
9,2005,3,2504,4,4,StoneBr,325000
5,1941,2,1355,2,3,Crawfor,140000
6,1963,2,2294,2,3,IDOTRR,202500
9,2008,4,1702,4,5,NridgHt,367294
6,1988,3,1509,3,4,Timber,175000
7,1915,2,1717,3,3,Crawfor,140000
7,1985,2,1240,3,4,Timber,174000
7,2005,3,1166,3,4,Gilbert,190000
5,1910,3,1464,2,3,OldTown,129000
6,1959,2,1652,3,3,NAmes,200000
6,1968,2,2142,3,4,NAmes,193500
6,1964,2,1092,2,4,NAmes,145000
7,1929,3,1671,2,3,Crawfor,218000
5,1952,2,1488,2,0,Edwards,135000
5,1952,2,1624,2,3,NAmes,146500
6,2005,3,1362,3,4,NridgHt,194700
7,2007,3,1218,3,4,Somerst,230348
6,1923,2,1068,2,2,OldTown,109500
6,1979,2,1625,1,4,Mitchel,242500
7,1987,3,1767,3,4,StoneBr,239000
6,1954,2,1050,3,3,NAmes,156000
4,1957,2,907,2,3,NAmes,109008
2,1939,2,845,2,0,IDOTRR,68104
8,1995,3,2501,3,4,NoRidge,290000
5,1966,2,1209,2,4,NAmes,159000
4,1937,2,906,2,3,BrkSide,87000
8,2001,3,1601,3,4,CollgCr,272000
7,2005,3,1336,3,4,CollgCr,198000
4,1940,2,1656,2,3,OldTown,119164
5,1954,2,1124,2,0,Edwards,93000
7,2000,3,1892,2,4,Gilbert,226750
3,1900,2,1699,2,2,OldTown,95000
6,1948,2,1416,2,3,BrkSide,139900
3,1940,2,1306,1,3,BrkSide,76500
4,1940,3,672,2,3,OldTown,86900
5,1968,2,1160,3,3,Mitchel,152500
4,1953,2,930,2,4,Edwards,99000
4,1940,1,708,1,3,BrkSide,82500
6,1992,3,1575,3,4,SawyerW,179200
5,1966,2,1059,2,3,Sawyer,142500
4,1964,2,1005,2,3,Sawyer,115400
7,2001,3,1929,3,4,Somerst,226000
7,2005,3,1200,3,4,Somerst,144152
8,2003,3,2690,3,5,NridgHt,370000
5,1984,2,833,3,4,Mitchel,149900
6,2006,3,1456,2,4,Gilbert,172785
5,1950,2,864,3,3,NAmes,129000
6,1979,2,1586,2,4,NWAmes,181000
5,1956,2,1370,2,3,NAmes,148000
6,2002,2,914,3,4,Edwards,117250
7,2005,3,1555,3,4,Blmngtn,192500
6,1980,2,1556,2,4,Blueste,151000
5,1972,2,882,2,3,CollgCr,112500
5,1920,2,1167,2,3,BrkSide,144000
9,2007,4,1800,4,5,NridgHt,370967
6,1975,2,1456,3,3,NPkVill,149900
7,2002,3,1660,3,4,CollgCr,195000
7,1992,2,1482,3,4,Gilbert,163900
6,1984,2,1522,2,4,ClearCr,182000
9,2008,4,2036,4,5,Timber,410000
5,1991,2,1595,2,4,Mitchel,152000
7,2005,3,1686,3,4,SawyerW,184000
7,1997,2,1344,2,4,Mitchel,206300
5,1970,2,1652,2,3,Mitchel,146500
4,1956,2,1337,2,3,NAmes,108000
7,1968,2,1920,3,3,NWAmes,170000
6,2004,3,848,3,4,CollgCr,145000
7,1975,2,1055,2,4,NPkVill,123000
6,1996,2,1291,3,4,ClearCr,173000
6,1928,2,720,2,3,OldTown,105900
4,1973,2,988,2,4,MeadowV,91000
5,1949,2,1523,1,3,Crawfor,158000
7,2004,3,1728,3,4,CollgCr,190000
8,1995,3,1239,3,4,Veenker,217500
5,1958,2,1955,2,3,IDOTRR,165500
7,1941,2,1564,1,3,Crawfor,174500
4,1954,2,1204,2,5,Edwards,100000
6,1958,2,1329,3,3,NAmes,172000
5,1975,2,879,2,3,CollgCr,120000
4,1950,1,841,2,3,SawyerW,82000
6,1947,2,1312,2,3,NAmes,127000
6,1917,2,2058,2,4,OldTown,129500
8,1984,3,1360,3,4,StoneBr,187500
8,2002,3,1786,3,5,CollgCr,300000
6,1971,2,1993,2,3,NWAmes,190000
4,1920,1,1362,2,3,Edwards,96000
7,2006,3,1550,3,4,Somerst,241000
5,1962,2,1696,2,3,Sawyer,143900
4,1970,2,1092,2,3,MeadowV,87550
9,2005,4,1752,4,5,NridgHt,319900
9,2006,3,2473,3,5,StoneBr,356383
9,2007,3,1800,4,5,CollgCr,239000
7,1993,3,2197,3,4,NoRidge,287500
5,1941,2,1382,2,3,OldTown,128500
7,2004,3,1733,3,4,Gilbert,185088
7,2008,3,1402,3,4,Somerst,229800
5,1984,2,887,2,3,Mitchel,124500
5,1968,2,1051,2,3,NAmes,142000
6,1920,2,1510,2,3,SWISU,149000
5,1973,2,1656,2,3,NWAmes,135000
6,1976,2,958,2,4,NPkVill,128000
8,1992,3,3228,3,4,NoRidge,430000
5,1968,2,1040,2,3,Sawyer,145000
5,1910,2,1250,2,3,Crawfor,139000
6,1984,2,1868,2,4,NWAmes,178000
10,2005,4,2790,4,5,NridgHt,460000
6,1916,2,2134,3,3,BrkSide,214500
5,1916,2,1928,2,3,SWISU,160000
7,1999,3,2060,3,4,Gilbert,214000
6,1935,2,1378,3,3,OldTown,128900
4,1961,2,1622,2,3,Mitchel,168000
8,2007,3,1880,4,5,Somerst,310013
8,1986,3,1088,3,4,StoneBr,170000
5,1959,2,1040,2,3,NAmes,133700
6,1923,2,1502,3,3,Crawfor,165000
6,1971,2,987,2,3,BrDale,89500
6,1958,2,1095,2,3,NAmes,140000
7,2004,3,1709,3,4,Edwards,134000
6,1992,3,1731,3,4,SawyerW,248500
4,1965,2,960,2,3,Sawyer,145000
6,1975,2,1552,2,4,NWAmes,179900
8,2006,3,1795,3,5,Somerst,147000
5,1991,2,1274,2,4,Mitchel,136000
6,1940,2,1196,2,3,BrkSide,128000
4,1946,2,704,1,2,Sawyer,88750
5,1955,2,972,2,3,NAmes,122500
6,1948,2,1458,2,3,NAmes,97500
6,1963,2,1008,2,3,NAmes,135000
9,2007,4,1828,3,5,NridgHt,314813
3,1915,1,1526,1,3,IDOTRR,85000
6,1937,3,1176,2,3,BrkSide,134900
5,1955,2,1057,3,3,Edwards,137000
8,1995,3,2113,3,4,NoRidge,350000
5,1967,2,1387,2,3,NAmes,145000
9,2005,3,2758,4,5,NridgHt,418000
3,1920,2,840,1,3,OldTown,64000
5,1932,2,1520,2,3,SWISU,159434
8,2007,3,1542,3,4,Somerst,260261
5,1952,2,1385,2,3,NAmes,166000
5,1962,2,936,2,3,NAmes,130000
5,1941,2,1288,2,2,SWISU,112000
5,1963,2,1128,2,3,NAmes,155000
8,2009,3,1968,4,5,Timber,269500
6,1964,2,1246,2,3,NAmes,172000
7,1940,2,1740,2,3,Crawfor,219500
5,1963,2,925,2,3,Sawyer,133500
7,2000,2,1430,2,4,Gilbert,170000
8,1900,3,1566,3,3,OldTown,150000
5,1953,2,950,2,3,NAmes,130000
5,1959,2,1144,2,3,NAmes,143000
5,1961,2,1114,2,3,NAmes,140000
7,1973,2,2223,2,4,NAmes,244000
5,1920,2,1111,1,3,IDOTRR,101000
5,1958,2,960,2,3,OldTown,125000
6,1998,2,1633,2,4,Gilbert,183000
6,1912,2,2229,2,3,OldTown,104000
6,1954,2,984,2,3,NAmes,112500
6,1980,2,1686,2,4,NWAmes,207500
7,2005,3,1614,3,4,CollgCr,225000
5,1972,2,864,2,3,CollgCr,119900
7,2006,3,1740,3,5,NridgHt,293000
5,1968,2,1721,2,3,Sawyer,180000
6,1976,2,1034,2,3,Mitchel,169900
6,1978,2,1902,2,0,Sawyer,112000
6,1984,2,1097,2,4,SawyerW,152000
9,2005,3,2206,4,4,NridgHt,300000
6,1976,2,1117,2,3,Edwards,107000
4,1885,2,2290,2,3,OldTown,122500
6,1972,2,948,2,3,BrDale,89000
6,1940,2,919,2,2,SWISU,95000
6,1968,2,1152,2,3,NWAmes,143450
9,2009,4,2334,4,5,NridgHt,376162
5,1960,2,1264,2,3,NAmes,167500
5,1979,2,1224,2,4,SawyerW,153337
6,1925,2,1369,2,3,Edwards,103600
5,1976,2,894,2,3,CollgCr,128200
6,2000,3,1573,3,4,Somerst,177500
8,2002,3,2250,3,4,NridgHt,320000
6,2000,2,1514,2,4,Gilbert,190000
6,1971,2,1218,2,3,BrDale,91500
5,1954,2,1387,3,3,OldTown,93000
4,1920,2,1317,2,3,IDOTRR,40000
6,1914,2,1355,3,3,IDOTRR,127000
4,1896,1,952,2,3,IDOTRR,50138
6,1976,2,1113,2,3,Edwards,148000
5,1940,2,778,2,3,IDOTRR,120500
6,1940,2,1489,2,3,SWISU,139500
9,2007,4,1698,4,5,Edwards,320000
7,1937,2,2267,2,3,Sawyer,219000
5,1983,2,902,2,4,Mitchel,131000
6,2006,3,1495,3,4,Gilbert,171925
5,1996,3,1384,3,4,Gilbert,177900
6,1921,2,1436,2,3,Crawfor,141500
6,1998,3,1636,2,4,Gilbert,191000
6,2004,2,1158,3,4,SawyerW,158000
8,2006,3,1646,3,4,Timber,248900
5,1937,2,1768,3,4,SWISU,175000
6,1965,2,1565,3,3,NAmes,185900
7,1914,2,1768,2,4,OldTown,163000
5,1951,1,1396,2,3,IDOTRR,115000
6,1978,2,1096,2,3,Sawyer,157500
7,1999,3,2312,3,4,Gilbert,245000
8,1993,3,1337,3,4,StoneBr,180000
7,2004,3,1102,3,4,Somerst,148800
8,2002,3,2031,3,4,CollgCr,237000
2,1920,2,438,1,3,SWISU,60000
5,1976,2,1033,2,4,Edwards,165000
7,2003,3,2327,3,4,CollgCr,240000
7,1992,2,1187,3,4,Gilbert,160000
6,1945,2,1340,2,3,SWISU,128000
4,1955,2,1152,1,0,Edwards,82000
6,1966,2,1567,3,3,NAmes,256000
7,1920,2,1482,2,3,OldTown,143000
7,2006,3,1689,3,4,Timber,231713
5,1969,2,1424,2,4,Gilbert,155000
5,1983,2,816,2,3,Mitchel,128500
7,1921,2,1424,2,3,SWISU,168000
7,1972,2,1479,3,3,NAmes,184000
5,1962,2,1025,2,3,NAmes,124000
6,1970,2,1442,2,3,NWAmes,185000
8,2000,3,1936,3,4,Gilbert,230500
7,1998,2,1939,3,4,CollgCr,227000
6,2005,3,1476,3,4,CollgCr,173500
5,1968,2,898,2,4,NAmes,140000
8,2006,3,1460,3,5,Somerst,247000
6,1978,2,1034,2,4,Sawyer,149900
5,1978,2,1174,2,4,CollgCr,158000
7,2003,3,1080,3,4,Somerst,147110
6,1937,2,1376,2,3,IDOTRR,119500
5,1940,2,1567,2,3,Crawfor,205000
5,1895,2,1534,3,4,OldTown,148000
8,1995,3,1616,3,4,StoneBr,236500
5,1938,2,1551,1,2,SWISU,137000
5,1955,2,960,2,3,NAmes,122000
7,2007,3,1302,3,4,Gilbert,176485
5,1925,2,816,2,3,BrkSide,109000
7,1998,3,1502,3,4,GrnHill,330000
6,2008,2,1133,2,3,OldTown,143000
9,1998,3,3078,3,5,NoRidge,410000
6,1994,3,1721,3,4,SawyerW,201000
4,1910,2,1760,2,2,OldTown,80000
6,1945,2,2320,3,3,Crawfor,259500
7,2003,3,2486,3,4,Timber,279900
5,1959,2,1246,3,3,NAmes,154000
6,1958,3,2144,3,4,ClearCr,277000
5,1942,2,1150,2,3,Edwards,128000
8,2007,3,1600,3,4,NridgHt,256300
4,1930,2,1755,3,3,Crawfor,188000
8,2002,3,1800,3,5,Timber,312500
7,2004,3,1200,3,4,Somerst,151000
5,1971,2,1365,2,3,BrDale,122500
6,2003,3,1696,3,4,SawyerW,188000
7,2005,3,1809,3,4,CollgCr,209700
8,2006,3,2234,3,5,StoneBr,441929
6,1993,3,1680,3,4,SawyerW,163000
6,1966,2,2087,3,3,ClearCr,187500
8,1999,3,1513,3,4,CollgCr,220000
5,1967,2,1107,3,3,NAmes,127000
5,1955,2,827,2,0,NAmes,107500
6,1914,2,1484,2,3,OldTown,128000
5,1925,2,764,2,2,OldTown,73000
9,2003,3,1792,4,5,NridgHt,374000
8,2001,3,2649,3,5,NridgHt,421250
6,1992,2,1593,2,4,Gilbert,178000
4,1972,2,1181,2,4,Edwards,137500
8,1994,3,1987,3,4,NoRidge,301500
6,1935,2,1242,2,3,SWISU,105000
6,1968,2,976,3,3,NAmes,157500
5,1901,2,1214,2,3,OldTown,117000
5,1962,2,864,2,3,NAmes,105000
6,1936,2,1639,2,3,SWISU,115000
9,2008,4,1736,4,5,NridgHt,360000
5,1979,2,1535,2,0,SawyerW,118858
6,1966,2,1632,3,3,NWAmes,173000
3,1890,2,725,2,3,OldTown,78500
7,2004,3,1720,3,4,Gilbert,183500
4,1953,1,936,2,2,OldTown,93000
8,2003,3,1589,3,4,Blmngtn,226500
6,1993,3,1571,2,4,Gilbert,178000
7,2003,3,1479,3,4,CollgCr,226000
5,1969,3,1632,2,3,Mitchel,173000
5,1965,2,864,2,3,Sawyer,62383
9,2008,4,2713,4,5,NridgHt,446261
7,1926,2,1479,3,3,SWISU,160000
7,2004,3,1576,3,4,Blmngtn,219990
7,1999,3,1479,3,4,CollgCr,191000
5,1925,2,1060,2,3,BrkSide,136500
4,1958,2,943,3,0,Edwards,80000
7,1988,3,2183,3,4,NWAmes,229000
7,1993,3,1949,3,4,SawyerW,236000
10,2006,4,1824,4,5,Timber,392000
6,1927,2,1930,2,3,IDOTRR,149000
10,1998,4,2393,4,4,Somerst,345000
5,1900,3,2014,2,2,OldTown,169000
4,1946,2,1242,2,3,Edwards,109900
7,1993,2,2000,2,4,Mitchel,188000
6,1939,2,1412,2,3,BrkSide,132500
5,1994,2,990,2,3,CollgCr,143000
5,1951,2,1342,2,2,Edwards,125000
9,2005,4,1868,4,5,NridgHt,415000
4,1910,2,1363,2,2,OldTown,125500
6,1958,2,1632,2,3,NAmes,139000
10,2008,4,2296,4,5,NridgHt,451950
5,1959,2,1678,2,3,Edwards,119900
8,2001,3,1296,3,5,Timber,220000
6,1971,2,1587,2,3,NAmes,167300
5,1941,2,1298,2,3,Edwards,122000
5,1963,2,1728,2,3,Sawyer,125000
5,1957,2,928,2,3,OldTown,112500
7,2005,3,1795,3,4,CollgCr,191000
6,1958,2,1080,2,3,NAmes,136000
7,1998,2,1779,3,4,CollgCr,197900
6,1910,2,1635,3,3,OldTown,117000
7,2006,3,1220,3,4,CollgCr,194000
9,2001,3,1310,3,5,Somerst,285000
5,1940,2,1355,2,3,Edwards,127500
7,1992,3,2295,3,4,NoRidge,268000
4,1900,2,1798,2,3,OldTown,137000
7,1967,2,1620,3,3,NWAmes,215000
5,1955,2,1216,2,3,NAmes,129500
5,1936,2,1344,2,4,BrkSide,115000
5,1925,2,1159,2,3,OldTown,114000
4,1966,2,1056,2,3,SawyerW,107000
5,1947,2,1216,2,3,NAmes,118500
6,1929,2,1158,2,3,BrkSide,120000
8,2005,3,1538,3,4,Somerst,260000
5,1959,2,1143,2,3,NAmes,136000
4,1971,2,872,2,3,NAmes,123000
6,1920,2,1406,1,3,IDOTRR,89500
6,2005,3,1324,3,4,Gilbert,199500
5,1966,2,904,2,3,Sawyer,109900
7,1926,3,2080,3,4,Crawfor,234000
6,2004,3,848,3,4,CollgCr,155900
4,1957,2,1788,2,3,ClearCr,161500
6,1958,2,1344,3,3,Timber,137500
5,1910,2,2256,1,3,OldTown,76500
6,1988,3,2060,2,4,ClearCr,211000
6,1998,3,1337,3,4,NAmes,181000
6,1966,2,1165,2,3,NAmes,174900
5,1966,2,1320,2,3,Sawyer,164500
7,2004,3,1535,3,4,NridgHt,214000
7,1980,2,2044,2,4,NWAmes,185000
4,1929,2,1136,2,3,BrkSide,123000
6,1979,2,1299,3,4,Mitchel,183500
8,1999,3,1441,3,4,Somerst,174000
5,1953,2,1630,2,3,Edwards,130000
7,1925,2,1641,4,3,OldTown,178000
5,1997,2,1629,2,4,Gilbert,189900
6,2003,3,848,3,4,CollgCr,144000
6,1930,3,816,2,3,IDOTRR,120500
5,1994,2,1097,2,4,CollgCr,145000
8,2000,3,1652,4,4,StoneBr,251000
4,1968,2,1768,2,3,Sawyer,136500
4,1955,2,1152,2,0,Edwards,82500
2,1910,1,810,2,0,IDOTRR,57625
7,2007,3,1358,3,4,NridgHt,212500
6,1998,2,1216,2,5,Mitchel,164000
6,1957,2,1638,3,3,IDOTRR,139000
7,1999,3,1252,3,4,Somerst,160000
5,1992,2,883,2,4,Mitchel,149000
5,1968,2,874,2,3,Mitchel,130000
7,1921,2,1710,2,3,OldTown,140000
8,2008,3,1836,3,4,Somerst,264500
5,1957,2,1092,2,3,NAmes,141000
7,2006,3,1241,3,4,Somerst,199900
6,1977,2,1334,2,4,NWAmes,167900
6,1960,2,1429,3,3,NAmes,181900
8,2008,3,1566,3,4,Somerst,262500
7,1977,2,2288,3,4,NWAmes,230000
9,1999,3,1709,3,5,Somerst,328900
8,2005,3,1721,3,4,NridgHt,232698
8,2008,3,1254,3,4,CollgCr,221800
5,1941,2,1350,3,3,Sawyer,152400
7,2000,3,1630,3,4,CollgCr,213000
7,2005,3,1585,3,4,SawyerW,184900
5,1953,2,1336,2,3,Crawfor,157000
5,1962,2,1211,2,3,Sawyer,144000
6,1979,2,1353,2,4,NWAmes,192350
7,1966,2,1200,2,3,NAmes,163500
7,1990,2,2329,3,4,SawyerW,262280
7,2002,3,1536,3,4,CollgCr,214000
6,1956,2,1811,4,3,Crawfor,230000
7,2006,3,2172,3,5,NridgHt,280000
4,1957,2,1073,2,3,IDOTRR,140000
6,1966,2,1839,2,3,NAmes,155000
3,1918,1,1020,1,3,IDOTRR,64500
6,1993,3,1802,3,4,SawyerW,218000
5,1977,2,1009,2,3,CollgCr,160000
8,2007,3,1338,3,4,Somerst,208900
5,1959,2,3820,4,0,Edwards,284700
7,2007,3,1392,3,4,Somerst,146000
8,1996,3,1288,4,4,Veenker,245500
6,1926,2,1013,2,3,BrkSide,113000
8,2004,3,1782,3,5,NridgHt,296000
9,2005,3,1922,3,5,StoneBr,377426
10,2006,4,1718,4,5,NridgHt,337500
10,2004,4,2492,4,5,NridgHt,552000
4,1948,2,936,2,2,Edwards,97900
6,2009,3,1218,3,4,Somerst,208300
7,1996,2,1820,3,4,Mitchel,213000
7,1998,2,1724,3,4,CollgCr,188000
6,1958,2,1336,2,3,NAmes,162000
5,1950,2,1558,2,3,IDOTRR,152000
7,2004,3,1947,3,4,Somerst,254900
7,1994,3,1657,3,4,SawyerW,189000
7,1978,3,2064,3,4,NWAmes,235000
5,1950,2,1164,2,3,Edwards,125000
7,1975,2,836,2,4,NPkVill,120000
1,1951,2,1600,2,0,Mitchel,81500
6,1990,2,816,2,4,Edwards,118500
9,2009,4,1766,4,5,Somerst,370878
5,1949,2,2002,2,3,Crawfor,145000
7,1939,3,1954,3,3,Crawfor,311500
7,2006,3,1364,3,4,Blmngtn,210250
7,2002,3,1861,3,4,CollgCr,200000
5,1977,2,1734,3,0,Mitchel,126000
4,1900,3,1039,2,2,OldTown,114000
4,1910,3,1510,3,2,OldTown,87500
8,2005,3,2541,4,5,StoneBr,349265
8,2004,3,1512,3,4,SawyerW,203000
7,2001,3,1434,3,4,SawyerW,189000
7,2003,3,1653,3,4,Somerst,209000
6,1900,2,2007,4,2,OldTown,160000
5,1974,2,1037,2,2,Sawyer,129000
5,1974,2,1389,2,4,Mitchel,170000
5,1913,2,694,3,3,Crawfor,90350
6,1924,2,1096,2,3,Edwards,79000
5,1972,2,894,2,3,CollgCr,149900
5,1971,2,864,2,4,NAmes,123000
4,1900,2,1774,2,3,OldTown,87000
6,1977,2,1118,2,3,Mitchel,171000
6,1950,2,1252,2,3,NAmes,119000
5,1959,2,1148,2,3,NAmes,132500
8,1925,2,1666,3,3,OldTown,161000
9,2001,3,1947,3,4,CollgCr,274000
5,1967,2,912,2,3,Sawyer,125000
5,1946,2,1195,2,3,Edwards,98500
8,1994,3,1624,3,4,NoRidge,262000
5,1979,2,914,2,3,CollgCr,134900
5,1959,2,1328,2,3,Timber,170000
6,1926,2,1461,2,3,Crawfor,135000
6,1990,3,2683,3,4,NoRidge,290000
7,2007,3,1258,3,4,Gilbert,173500
5,1948,2,2008,4,3,Edwards,225000
5,1961,2,1187,2,3,NAmes,140500
5,1994,2,990,2,4,CollgCr,126000
8,1999,3,1586,3,4,Somerst,170000
5,1995,2,990,2,4,CollgCr,156000
5,1957,2,1600,2,3,NAmes,207500
8,2007,3,1792,3,4,Somerst,255000
4,1973,2,988,2,4,MeadowV,94900
5,1958,2,1170,2,3,NAmes,140000
3,1905,2,1376,2,3,OldTown,96900
5,1966,2,1154,2,3,NAmes,154000
8,1910,3,1772,3,3,OldTown,184900
10,2007,4,2084,4,5,NridgHt,385000
4,1936,2,951,2,3,IDOTRR,106500
8,2000,3,2687,3,4,NoRidge,327000
9,2005,4,2490,4,5,Somerst,468000
6,1927,2,1666,2,3,IDOTRR,135000
6,2005,3,1141,2,4,SawyerW,142500
5,1968,2,1464,2,3,NAmes,141000
5,1910,2,1347,2,4,Edwards,107500
5,1942,2,1282,2,3,SWISU,108500
6,1994,2,1320,3,4,SawyerW,150000
3,1916,2,936,2,2,IDOTRR,78000
8,2007,3,1580,3,4,Somerst,235128
7,1971,2,1824,3,4,ClearCr,302000
5,1975,2,1558,2,3,CollgCr,163000
3,1945,2,640,2,0,Edwards,84900
6,1974,2,1322,2,3,NPkVill,147000
7,1915,3,1826,4,3,OldTown,155000
7,1990,2,1339,2,4,Timber,180000
4,1930,1,1092,1,0,IDOTRR,55000
7,2003,3,1146,3,5,Timber,187500
6,1976,2,1125,2,3,Edwards,125000
7,1936,3,2057,3,4,Crawfor,250000
5,1910,2,899,2,3,OldTown,78000
4,1910,2,1594,2,3,OldTown,118000
8,2007,4,1694,3,5,NridgHt,318000
8,1993,3,1911,3,4,SawyerW,215000
4,1925,2,672,2,2,IDOTRR,72000
6,1976,2,1523,2,4,NWAmes,180000
6,1986,2,1651,2,4,Timber,184000
5,1959,2,1041,2,3,NAmes,124500
5,1958,2,1604,2,3,NAmes,135000
6,1940,2,1672,3,3,BrkSide,164900
7,1969,2,1164,2,3,NWAmes,140000
5,1958,2,1041,2,3,NAmes,128000
6,1978,2,1034,2,4,Sawyer,153000
6,1910,3,1609,2,4,OldTown,127500
5,1950,2,1337,3,3,NAmes,141500
8,1994,3,2622,3,5,NoRidge,325000
7,1993,2,1594,3,4,NWAmes,188500
6,2006,3,1262,3,4,Somerst,185000
6,2005,2,1175,3,4,SawyerW,146000
6,1917,2,1288,4,3,OldTown,119000
5,1971,2,1302,2,3,BrDale,112000
8,2005,3,1247,3,4,Somerst,197000
9,2006,3,2589,4,5,NridgHt,412083
8,2002,3,1689,3,4,Mitchel,271000
7,2003,3,1405,3,4,NridgHt,200000
7,1976,2,1324,3,4,NWAmes,174000
5,1960,2,1377,2,3,NAmes,156500
6,1996,3,1756,2,5,Timber,204000
5,1966,2,1228,3,3,Sawyer,149350
5,1954,2,1008,2,3,NAmes,137000
7,1998,3,2031,3,4,CollgCr,222500
6,2007,3,1504,3,4,Gilbert,166000
5,1920,2,936,2,3,OldTown,109500
4,1954,2,1383,2,0,Edwards,122000
5,1920,2,967,2,3,OldTown,99900
8,2006,3,1656,3,4,Somerst,249700
6,1950,2,1152,3,3,Crawfor,158500
6,2005,2,1142,3,3,SawyerW,139500
6,2000,3,1403,3,4,Timber,202000
5,1959,2,1712,2,3,NAmes,145000
4,1969,2,1258,2,4,Sawyer,108959
5,1948,2,1687,2,3,Timber,160000
5,1958,2,1560,2,3,NAmes,128600
7,1976,2,1935,2,4,NWAmes,197900
7,1976,3,1083,2,5,NWAmes,172000
5,1977,2,907,2,4,CollgCr,130000
6,1999,3,1675,3,5,Timber,195000
5,1954,2,988,2,3,Mitchel,113000
8,2001,3,1491,3,5,Mitchel,209000
7,1987,2,1479,3,4,Timber,213500
5,1951,2,1112,2,3,NAmes,126000
6,1956,2,1689,2,3,Edwards,127500
9,2007,4,1710,4,5,StoneBr,334000
6,1960,2,1253,2,3,NAmes,157000
5,1962,2,864,2,3,NAmes,125500
7,2005,3,1456,3,4,CollgCr,189000
7,1990,2,1217,3,4,Mitchel,173000
7,1974,3,2646,3,4,Veenker,260000
8,2007,3,1768,3,4,CollgCr,212000
5,1996,3,914,2,4,CollgCr,148000
6,1964,2,1775,2,3,NAmes,136300
5,1977,2,2620,2,4,Sawyer,190000
5,1900,2,1627,2,2,OldTown,139500
7,2003,3,1320,3,4,Gilbert,162000
4,1939,2,1123,2,3,IDOTRR,100000
5,1968,2,874,2,3,Mitchel,126500
7,1986,3,2730,3,3,SawyerW,301000
6,1997,2,1786,3,4,CollgCr,204750
4,1949,2,1040,2,0,NAmes,90000
5,1920,2,2350,2,3,OldTown,130000
5,1968,2,1770,2,4,NAmes,155000
5,1960,2,1269,2,3,NAmes,155000
5,1965,2,1039,2,3,Sawyer,131500
6,1955,2,1520,2,3,NAmes,153000
8,2007,3,1704,3,5,NridgHt,306000
9,2006,3,1686,4,5,NridgHt,332200
8,2007,3,1646,3,4,Timber,293077
4,1961,2,914,2,3,NAmes,128000
6,1926,2,1616,3,3,OldTown,152000
4,1949,2,1192,2,3,NAmes,135000
6,1880,2,2210,1,3,OldTown,117500
6,1927,2,1296,2,3,OldTown,127500
8,1981,3,2497,3,4,Veenker,373000
6,1970,2,1092,2,3,MeadowV,98000
7,1994,2,1652,3,4,Crawfor,203135
7,1996,3,1716,3,4,CollgCr,191000
5,1956,2,1014,2,0,NAmes,98000
5,1987,2,1200,2,4,Edwards,179000
8,2006,3,1432,3,5,Somerst,245000
7,1998,3,1680,3,5,NWAmes,213250
4,1948,2,869,2,0,OldTown,89900
7,1998,2,1718,2,4,Gilbert,185000
6,1973,2,1092,2,3,BrDale,113500
3,1929,2,715,2,3,NAmes,68000
7,2003,3,1560,3,5,Mitchel,201000
7,2005,3,1768,3,4,Somerst,226700
10,2007,4,2290,4,5,NridgHt,500067
7,2004,3,1598,3,4,Gilbert,201490
5,1994,2,990,2,4,CollgCr,155000
5,1978,2,941,3,4,NAmes,145000
6,1920,2,1362,2,2,BrkSide,128000
6,2000,2,1690,2,4,Gilbert,187000
6,2005,2,1072,2,4,Edwards,145500
4,1925,2,572,2,3,IDOTRR,75000
7,2005,3,1546,3,4,CollgCr,217000
7,2008,3,1346,3,4,Timber,220000
6,1972,2,1790,2,3,NWAmes,165150
6,1978,2,1026,2,4,CollgCr,147000
7,1996,3,1504,3,4,CollgCr,203000
5,1959,2,1700,3,3,NAmes,165500
3,1914,2,864,2,3,Edwards,67000
6,1964,2,1851,3,3,NAmes,187000
6,2000,3,1512,3,4,Somerst,180000
6,1921,2,1298,2,3,Crawfor,146500
7,2000,3,1673,3,3,CollgCr,270000
6,1992,2,996,3,4,SawyerW,147000
6,1948,2,1224,2,3,NAmes,132000
4,1920,1,1374,2,3,OldTown,105000
5,1912,2,1716,1,3,SWISU,135900
8,2003,4,3279,4,4,StoneBr,538000
7,2006,3,1143,3,4,SawyerW,147000
9,2006,3,1652,4,5,NridgHt,325000
5,1947,3,1054,2,3,Sawyer,124000
5,1965,2,935,2,3,Sawyer,137000
4,1915,2,2377,3,3,OldTown,142900
5,1948,2,1122,3,3,OldTown,147000
5,1970,2,1180,2,3,NAmes,128000
7,1916,2,1690,2,3,OldTown,144000
8,2006,3,1370,3,4,NridgHt,205000
5,1964,2,1486,2,3,Edwards,167000
5,1941,2,1131,2,3,OldTown,66500
8,1993,3,2799,3,4,NoRidge,315000
7,2006,3,1456,3,4,CollgCr,155835
8,1995,3,1734,3,4,StoneBr,239500
9,2006,3,1531,4,5,NridgHt,300000
8,2002,3,1922,3,4,Timber,282000
5,1960,2,1144,2,3,NAmes,120000
7,1954,2,1363,2,4,ClearCr,241500
9,2008,4,1866,4,4,NridgHt,336860
3,1922,2,1077,2,3,IDOTRR,91000
8,2006,3,1550,3,4,Somerst,207500
7,2004,3,1646,4,5,Crawfor,250000
7,2005,3,1248,3,4,Blmngtn,167240
7,2004,3,1245,3,4,Somerst,178000
6,1963,2,1052,2,3,NWAmes,127000
6,1967,2,1829,2,3,NWAmes,218500
4,1956,2,952,2,3,NAmes,135750
7,2003,3,1480,3,4,NAmes,214000
8,2005,3,1844,3,4,SawyerW,257000
6,1937,2,1497,2,3,BrkSide,157000
5,1942,2,976,2,3,IDOTRR,102000
5,1921,2,964,2,4,Crawfor,163500
7,1999,3,1501,3,4,CollgCr,204000
5,1956,2,1560,2,3,Edwards,103500
6,1914,1,3395,1,3,SWISU,200000
5,1958,2,864,2,3,SWISU,118000
7,2000,3,1525,3,4,CollgCr,235000
5,1962,2,1190,2,3,NAmes,132500
8,2006,3,1830,3,4,Somerst,221300
7,2004,3,1500,3,4,CollgCr,190000
7,2002,3,1762,3,4,CollgCr,222000
7,1959,3,1902,4,4,Crawfor,335000
8,2008,3,1658,3,4,Somerst,257500
9,2008,3,1506,4,4,Somerst,264132
5,1967,2,899,3,3,Sawyer,130000
5,1930,2,1654,2,3,BrkSide,137000
5,1930,2,912,2,3,IDOTRR,99500
5,1978,2,1373,2,4,Sawyer,160250
7,2004,3,1709,3,4,Edwards,130000
5,1922,2,816,2,3,IDOTRR,75200
6,1993,2,1091,2,4,Mitchel,131250
6,1960,2,1081,2,3,NAmes,148000
5,1965,2,1020,2,3,Sawyer,124100
7,1961,4,999,4,3,NAmes,178400
4,1977,2,1440,2,4,Edwards,150000
7,1998,3,1753,2,4,CollgCr,217000
8,2005,3,1964,3,4,Somerst,252000
7,2006,3,1141,3,4,SawyerW,152000
7,1929,2,854,2,3,BrkSide,132000
6,1945,2,1182,2,2,OldTown,120000
9,2005,4,2091,4,5,NridgHt,338500
4,1920,2,985,2,3,NAmes,105000
7,1996,2,1446,2,4,Gilbert,175000
7,1977,2,2022,2,4,ClearCr,192000
7,2004,3,1948,3,4,CollgCr,195000
8,2008,3,1590,3,4,Somerst,210000
7,2003,3,1948,3,4,Gilbert,211000
4,1936,2,1324,2,3,BrkSide,128000
6,1964,2,1425,2,3,NAmes,180500
5,1900,2,2337,2,3,OldTown,90000
5,1940,2,908,2,3,NAmes,138500
7,2006,3,1492,3,4,Gilbert,169985
5,1961,2,1150,2,3,NAmes,146000
7,1993,3,2097,3,4,SawyerW,228000
5,1959,2,1256,3,3,NAmes,159000
8,2006,3,1939,3,4,Somerst,266000
5,1924,2,1566,3,3,OldTown,139000
4,1955,2,784,2,3,Edwards,91900
8,2006,3,1500,3,4,CollgCr,212999
9,2004,3,1850,3,5,NridgHt,326000
6,2004,3,1515,3,4,Gilbert,179000
8,2006,3,1537,3,5,Timber,294000
6,1972,2,987,2,3,BrDale,97000
7,2006,3,1962,3,4,CollgCr,239799
5,1961,2,1433,2,3,NAmes,161000
6,2003,3,848,3,4,CollgCr,136500
6,1972,2,987,3,3,BrDale,118000
4,1982,2,845,2,3,Mitchel,129500
7,1925,3,1548,4,3,BrkSide,205000
6,1957,3,2515,2,3,Crawfor,200624
8,2006,3,1694,3,5,NridgHt,322400
8,2007,3,1602,3,4,CollgCr,293200
9,2005,4,1684,4,5,NridgHt,266000
6,1978,2,1683,2,3,Sawyer,172500
5,1890,2,1869,2,3,OldTown,124900
6,1923,2,1432,3,3,BrkSide,149000
7,2004,3,1414,3,4,CollgCr,185500
8,2002,3,1358,3,4,CollgCr,220000
8,2007,3,1496,3,4,Somerst,225000
6,1950,2,932,3,3,NAmes,124000
3,1950,2,1040,2,0,NAmes,92900
5,1925,2,1072,2,3,BrkSide,126500
4,1972,2,864,2,3,NAmes,111250
8,2000,3,2285,3,4,NoRidge,248000
5,1963,2,1117,2,3,NAmes,136870
6,2003,3,848,3,4,CollgCr,133000
5,1956,2,1048,2,3,NAmes,135000
4,1969,2,936,2,4,NAmes,111900
5,1962,2,1283,2,3,NAmes,140000
4,1959,2,1588,2,0,ClearCr,134432
10,2006,4,2042,4,5,StoneBr,455000
8,1994,3,2526,3,4,NoRidge,290000
7,1999,3,1873,3,4,CollgCr,235500
6,1900,2,1416,3,3,OldTown,156500
6,2000,2,1664,2,4,Gilbert,172400
7,2007,3,1428,3,4,Somerst,182000
9,2005,4,1792,3,5,NridgHt,372397
6,1995,3,2814,3,4,SawyerW,260000
5,1919,2,819,3,3,IDOTRR,72000
3,1915,1,1344,2,3,IDOTRR,82375
6,1972,2,2119,2,3,NWAmes,158000
5,1948,2,1285,2,3,BrkSide,127000
7,1987,3,1433,3,4,SawyerW,270000
8,1983,3,2132,3,4,SawyerW,316600
6,1959,2,1357,4,3,Edwards,177000
7,1990,3,2196,3,4,SawyerW,271900
5,1976,2,1304,2,4,MeadowV,115000
8,1872,2,2358,2,3,OldTown,122000
8,1986,3,2726,3,4,Crawfor,315000
7,2006,3,1797,3,4,CollgCr,213500
5,1950,2,1040,2,0,NAmes,109500
5,1948,2,789,2,3,OldTown,115000
7,2004,3,1143,3,4,Somerst,176400
6,1968,2,1489,3,3,NWAmes,185750
8,1999,3,1852,3,4,CollgCr,230000
4,1958,2,960,2,3,Edwards,90000
10,2008,4,5642,4,5,Edwards,160000
5,1970,2,768,2,4,Mitchel,129500
6,1956,2,1124,2,3,NAmes,153000
6,2009,3,1224,3,4,Somerst,173733
6,2006,2,1100,2,4,SawyerW,146000
6,1949,2,1556,2,3,NAmes,172500
6,1977,2,1356,2,4,Mitchel,188000
6,1976,2,1262,2,4,Veenker,181500
7,1996,3,1661,3,4,CollgCr,212000
7,1978,2,1857,2,3,NWAmes,188900
3,1946,1,666,3,2,BrkSide,64500
6,1978,2,1981,3,4,ClearCr,230000
5,1925,2,1351,2,3,Edwards,122000
5,1956,2,1005,2,3,NAmes,133500
6,1920,3,2792,2,4,OldTown,256000
5,1976,2,1475,2,4,MeadowV,129500
8,2003,3,1978,3,4,CollgCr,318000
8,2006,3,1606,3,4,NridgHt,255900
6,2004,2,1158,3,4,SawyerW,143500
8,2005,3,1822,4,5,NridgHt,259000
6,1953,2,2259,3,4,Crawfor,217000
6,1923,2,1635,2,4,BrkSide,210000
5,1970,2,1002,2,3,NAmes,148500
6,2006,2,1412,3,4,Gilbert,156932
5,1965,2,1728,2,3,NAmes,145000
7,2007,3,1290,3,4,CollgCr,200000
10,2005,4,2046,4,5,NridgHt,450000
6,1999,2,1471,2,4,Somerst,172500
6,1974,2,2614,2,3,NWAmes,240000
8,2004,3,2466,3,4,Somerst,340000
8,2007,3,1466,3,4,Timber,201000
5,1975,2,969,2,3,CollgCr,122000
7,1978,2,1664,3,4,NWAmes,213000
6,1967,3,1691,2,3,NAmes,175000
7,2007,3,1208,3,4,CollgCr,195400
5,1967,2,1052,2,3,Sawyer,113500
6,1939,2,1577,1,3,BrkSide,140200
5,1968,2,909,2,3,Sawyer,116000
9,2005,4,1838,4,4,Timber,359900
6,1977,2,1388,2,4,CollgCr,157500
5,1955,3,1867,2,3,ClearCr,190000
5,1924,2,1301,1,3,BrkSide,100000
6,1964,2,1251,2,3,NAmes,160000
7,2002,3,1444,3,4,CollgCr,203000
8,1990,3,2810,3,5,NoRidge,302000
6,1980,2,923,2,4,SawyerW,143000
8,1998,3,2452,3,4,CollgCr,267000
4,1964,2,1224,2,0,NAmes,103000
6,1998,2,1337,2,5,Mitchel,153500
5,1975,2,1701,2,4,Sawyer,171000
4,1924,2,1669,2,3,Edwards,107000
6,1968,2,952,2,3,NAmes,128500
5,1957,2,922,2,3,NAmes,116000
5,1977,2,1126,2,3,Mitchel,160000
8,1992,3,1280,3,4,StoneBr,180000
5,1970,2,914,4,3,NAmes,133000
7,1997,2,1368,2,4,Mitchel,215000
6,1942,2,1494,3,3,Crawfor,177500
8,2006,3,1534,3,4,Somerst,215000
5,1938,2,1582,2,3,BrkSide,150000
7,1990,2,3222,3,4,SawyerW,320000
6,1964,2,1516,2,3,NAmes,167000
5,1935,2,1032,2,0,Edwards,125000
3,1949,2,1588,2,2,OldTown,65000
7,2007,3,1316,3,4,CollgCr,200141
7,2007,3,1528,3,4,Somerst,235876
5,1900,2,2168,3,3,IDOTRR,123000
5,1951,2,1422,2,3,Sawyer,137500
4,1994,2,990,2,4,CollgCr,123600
6,1965,2,1324,2,3,NAmes,160000
6,2000,2,1690,2,4,Gilbert,181000
5,1955,2,825,2,3,OldTown,125000
6,1968,2,1556,2,3,NWAmes,154000
6,1993,3,1797,3,4,Mitchel,231000
5,1968,2,1056,2,3,NAmes,142000
10,1892,3,3608,4,3,OldTown,475000
8,2005,3,1778,4,5,Crawfor,375000
4,1971,2,864,2,3,NAmes,115000
7,2004,3,1221,3,4,Somerst,185000
6,1920,2,865,2,3,Edwards,108500
7,2005,3,1223,3,4,Somerst,147400
7,1999,3,1452,3,4,Somerst,156000
5,1915,2,1308,2,3,IDOTRR,120000
7,2004,3,1374,3,4,Gilbert,167000
7,2005,3,1504,3,4,Blmngtn,191000
6,1997,2,1384,2,4,Gilbert,161500
5,1955,2,1411,2,3,NAmes,130000
5,1963,2,970,2,3,Sawyer,132500
5,1970,2,904,3,4,Sawyer,144000
5,1979,2,2233,2,0,Edwards,141000
4,1972,2,875,3,3,CollgCr,117000
6,1935,2,754,2,3,IDOTRR,84500
4,1954,2,1663,3,4,ClearCr,256000
5,1965,2,925,2,3,NAmes,117500
5,1940,3,1308,2,3,Crawfor,160000
5,1956,2,1375,2,3,Sawyer,187000
8,2003,3,2385,3,5,NridgHt,350000
5,1974,2,1792,2,4,NAmes,133000
8,2007,3,2464,4,5,NridgHt,417500
7,2007,3,1569,3,4,Blmngtn,175900
9,2009,4,1680,4,5,CollgCr,323262
7,2003,3,1337,3,4,CollgCr,185000
6,1934,2,816,2,3,NAmes,129800
7,2005,3,1541,3,4,NridgHt,220000
4,1935,2,1573,3,3,BrkSide,133000
4,1949,2,1461,2,3,NAmes,133500
6,1976,2,2048,2,3,Mitchel,170000
6,1993,2,1642,2,4,Gilbert,168000
6,1922,2,1470,2,2,OldTown,140750
6,1999,2,2299,2,4,Gilbert,204000
7,2001,3,2035,3,4,Gilbert,222500
5,1962,2,999,2,3,NAmes,134500
8,2004,3,1378,3,4,Somerst,214000
5,1939,2,1118,2,4,OldTown,119900
4,1955,2,1440,1,3,Edwards,118000
5,1960,2,1134,2,3,NAmes,135000
6,1923,2,1848,3,3,BrkSide,207000
6,1925,2,1694,2,3,SWISU,136500
4,1954,2,901,2,3,OldTown,107900
6,1938,2,1409,2,3,BrkSide,126000
6,1960,2,1656,2,3,NAmes,215000
10,2007,4,2332,4,5,NridgHt,426000
5,1950,3,1113,3,3,NAmes,147000
6,1916,3,1232,3,3,Crawfor,147500
9,2007,4,1950,4,5,NridgHt,383000
7,1988,2,1872,2,4,NWAmes,241500
6,1914,2,1264,2,4,Crawfor,147500
8,2005,3,2500,4,5,StoneBr,355000
5,1924,2,784,3,3,BrkSide,109500
2,1940,2,612,2,0,OldTown,45000
7,1940,2,2403,2,3,ClearCr,244400
6,1953,2,1644,2,3,NAmes,167000
7,2002,3,1729,3,4,CollgCr,200000
5,1936,2,879,2,3,SWISU,80000
5,1955,2,864,2,3,Edwards,115000
6,1956,2,1196,2,4,NAmes,139000
6,1978,2,1400,2,3,Sawyer,149500
4,1940,2,1510,2,3,Edwards,108000
4,1900,2,1294,2,0,OldTown,106250
7,2006,3,1240,3,4,CollgCr,194000
5,1962,2,988,2,3,Sawyer,129500
5,1968,2,1560,2,3,NAmes,126000
5,1950,2,1368,2,2,Edwards,120000
7,2004,3,1484,3,4,CollgCr,213000
8,1980,3,1226,3,4,Greens,190000
6,1993,2,1169,2,4,Gilbert,183500
7,1963,2,1651,2,3,NAmes,172000
4,1938,2,816,2,3,Edwards,100000
7,2007,3,1564,3,4,CollgCr,218836
6,1905,2,1912,2,2,OldTown,163000
7,2006,3,1525,3,4,Gilbert,206580
6,2005,3,1456,3,4,CollgCr,163990
5,1910,1,1330,2,2,IDOTRR,116500
7,2002,3,1720,3,4,Gilbert,188000
5,1966,2,1280,2,3,NAmes,175000
8,1988,3,1179,2,4,StoneBr,182000
5,1926,3,960,2,3,OldTown,103000
10,2001,4,2633,4,5,NoRidge,466500
6,1959,3,988,3,3,NAmes,149500
7,1978,2,1055,2,4,NPkVill,142500
5,1926,2,1422,2,3,Crawfor,136500
6,1993,2,1320,2,4,Landmrk,137000
7,1988,3,1688,4,4,NWAmes,226500
7,1990,2,1341,3,4,Gilbert,171500
5,1976,2,954,2,3,CollgCr,132500
3,1949,2,1040,2,0,NAmes,87500
7,2001,2,1789,2,3,Somerst,223000
6,1962,3,1537,3,3,NAmes,174000
5,1951,2,884,2,3,NAmes,142000
8,2006,3,1489,3,4,Somerst,232600
6,1974,2,1309,3,3,NWAmes,181000
6,1973,2,2521,2,4,MeadowV,151400
8,2006,3,1634,3,4,NridgHt,250000
7,1988,2,1714,2,4,NWAmes,196500
7,1879,2,2454,2,3,OldTown,185000
6,1969,2,1216,2,3,NWAmes,113000
8,2007,3,1419,3,4,StoneBr,392000
6,1975,2,980,2,4,Edwards,127500
6,2000,3,1573,3,4,Somerst,177000
6,2004,3,2443,3,4,Somerst,265000
8,1998,3,2362,3,5,Somerst,312500
10,1893,4,2775,3,3,OldTown,325000
8,1980,3,2014,3,4,Veenker,275000
7,1995,3,2520,3,4,NoRidge,290000
6,1974,2,1494,2,3,Sawyer,169000
5,1921,2,616,2,3,BrkSide,89000
6,1998,2,1465,2,4,Gilbert,180400
8,2003,3,1629,3,4,NridgHt,284000
5,1958,2,912,2,3,NAmes,114500
7,2005,3,1552,3,4,CollgCr,212900
7,2001,3,1430,3,4,CollgCr,187100
6,1999,2,1458,2,4,Somerst,176000
6,1968,2,1488,2,4,Crawfor,215000
7,2004,3,1582,3,4,CollgCr,185900
4,1970,2,864,3,3,NAmes,120500
5,2005,3,1838,2,4,Gilbert,192140
5,1982,3,816,3,3,Mitchel,130500
4,1945,2,1529,2,0,Edwards,98000
9,2008,3,2276,4,4,CollgCr,475000
5,1920,2,1077,2,2,IDOTRR,67000
8,2007,3,2161,4,5,NridgHt,325624
7,2002,3,1409,3,4,Mitchel,245000
5,2004,2,1114,3,3,SawyerW,159000
5,1965,2,1073,2,3,NAmes,156000
10,2008,4,2402,4,5,NridgHt,555000
6,1984,2,1232,2,4,Veenker,162500
6,1993,3,1440,3,4,SawyerW,224500
6,1950,2,1488,2,3,Gilbert,133000
7,2003,3,1509,3,4,Gilbert,180000
5,1982,2,845,3,3,Mitchel,134500
10,2006,4,2945,3,5,StoneBr,438780
6,1962,2,1431,2,4,NAmes,165000
5,1967,2,892,2,3,NAmes,100000
7,1960,2,1329,2,3,NAmes,176000
5,1955,2,1779,2,3,Sawyer,170000
7,2007,3,1555,3,4,Blmngtn,174000
6,1925,2,1236,2,3,IDOTRR,127000
7,1999,2,1651,2,4,Gilbert,185900
5,1938,2,886,2,2,OldTown,91300
6,2003,3,1700,3,4,CollgCr,200000
6,1949,2,1846,2,3,NAmes,143000
5,1958,3,1920,3,3,Sawyer,172500
4,1963,2,1088,2,3,Edwards,110000
4,1957,2,1362,2,3,NAmes,140000
6,2006,3,1314,3,4,CollgCr,176432
6,1991,2,1294,3,4,SawyerW,179200
7,2005,3,1274,3,4,CollgCr,203000
7,2007,3,1689,3,4,Somerst,248328
9,2008,4,1641,4,5,Timber,316500
7,1948,2,1079,2,3,Edwards,125600
5,1959,2,984,1,3,OldTown,110000
4,1920,2,960,1,3,OldTown,108500
5,1952,1,1044,1,3,IDOTRR,55993
5,1948,2,1633,3,3,OldTown,129000
6,1987,2,1137,3,4,Timber,176000
6,1963,2,1380,2,3,NAmes,154000
6,1986,3,1256,3,4,Timber,180000
5,1976,2,1142,2,4,MeadowV,134000
6,1950,2,2158,3,3,Edwards,243000
8,2002,3,1629,3,4,Timber,270000
6,1983,2,1080,2,3,Mitchel,134000
7,1993,3,2646,3,4,NoRidge,260000
7,2006,3,1491,3,4,CollgCr,168675
6,1994,2,1694,2,4,Gilbert,160000
5,1890,2,1080,3,2,OldTown,95000
6,2005,3,1422,3,4,CollgCr,173000
7,2006,3,1301,3,4,Somerst,187750
7,1986,2,2093,2,4,NWAmes,215000
5,1967,2,1073,2,3,Sawyer,120000
7,2005,3,1506,3,4,Somerst,249000
7,1967,2,1334,2,3,NWAmes,164500
7,1986,3,1295,3,0,GrnHill,230000
7,1929,2,1344,3,3,OldTown,140000
5,1952,2,732,2,3,NAmes,118900
8,2008,3,1468,3,4,CollgCr,239900
6,1975,2,1069,2,4,NPkVill,146300
5,1975,2,1040,2,4,MeadowV,124000
5,1963,2,999,2,4,Sawyer,130000
7,2000,2,1349,2,4,SawyerW,179000
7,1990,2,1442,2,4,Gilbert,180500
4,1945,2,747,2,3,OldTown,80000
8,2008,3,1578,4,4,Somerst,287090
5,1956,2,882,2,0,OldTown,97000
7,2002,3,1511,3,4,Blmngtn,246990
6,1964,2,1128,2,3,Gilbert,154204
7,1958,2,1312,2,3,NAmes,186000
5,1972,2,1302,2,3,BrDale,111750
9,2003,4,2696,4,5,NridgHt,500000
7,2007,3,1356,3,4,CollgCr,177439
9,2008,4,2184,4,5,NridgHt,335000
7,1976,2,1964,2,3,NWAmes,205000
8,1990,3,1321,3,4,StoneBr,212000
8,2004,3,1646,3,5,Crawfor,246000
7,1983,3,1260,2,4,NWAmes,181900
5,1929,2,1316,2,3,OldTown,130000
5,1910,2,1432,2,2,OldTown,132000
7,1994,3,1958,3,4,SawyerW,220000
8,2001,3,1788,4,4,CollgCr,236500
8,2009,3,1935,2,4,Somerst,263435
6,1938,2,1969,2,3,IDOTRR,141000
7,2003,3,1986,3,4,Gilbert,213000
7,2009,3,1214,3,4,Timber,179781
8,2006,3,1342,3,4,NridgHt,234250
8,1976,3,2898,3,4,Timber,287000
8,2002,3,2004,3,5,Gilbert,257500
6,1926,2,986,2,3,BrkSide,102000
7,1930,2,1108,3,3,IDOTRR,139400
3,1915,2,1214,2,3,OldTown,105000
8,1970,3,2217,3,3,NAmes,268000
6,1966,3,2201,3,4,Edwards,274970
7,2005,3,1220,3,4,Blmngtn,180000
7,1928,2,1378,3,3,OldTown,161000
4,1946,2,930,3,0,Edwards,84900
5,1958,2,988,2,3,NAmes,119000
8,2005,3,1964,3,5,Timber,370000
7,2005,3,1270,3,4,CollgCr,175900
5,1979,2,2240,2,0,SawyerW,142953
8,1994,3,1494,3,4,Veenker,279700
5,1957,2,1364,2,2,NAmes,132000
9,2000,3,2153,4,5,CollgCr,313000
4,1920,2,1336,2,3,IDOTRR,108000
7,2003,3,1656,3,4,Edwards,165400
6,1995,3,1499,3,4,CollgCr,187000
8,1995,3,2794,4,4,NoRidge,403000
6,1976,2,2030,3,3,NWAmes,195000
6,1961,2,1254,2,3,NAmes,158500
8,2002,3,1989,3,4,CollgCr,255000
5,1956,2,1898,2,3,Crawfor,236500
5,1966,2,988,2,3,NAmes,129250
7,1959,2,1801,2,3,Crawfor,289000
5,1976,2,1872,2,0,Mitchel,100000
8,2001,3,2439,3,4,CollgCr,275000
8,1999,3,1764,3,4,CollgCr,207000
5,1965,2,1200,3,3,NAmes,146000
6,1972,2,1030,2,3,BrDale,116000
7,1997,2,2034,3,4,CollgCr,219500
7,2003,3,1405,3,4,NridgHt,173000
4,1956,2,1229,2,3,Edwards,135000
7,2003,3,1932,3,4,CollgCr,213000
6,1954,2,1299,3,3,Sawyer,150000
7,2006,3,1402,3,5,Blmngtn,194201
7,2005,3,1504,3,4,Blmngtn,181000
6,1958,2,1442,2,3,NAmes,157900
7,1999,3,1779,3,4,CollgCr,217000
8,2005,3,1953,3,4,Somerst,252000
7,2002,3,1909,3,4,CollgCr,197000
7,2004,3,1630,3,4,Gilbert,189500
5,1918,2,1250,1,3,Edwards,116000
6,1963,2,1328,2,3,NWAmes,143000
5,1950,2,988,2,3,NAmes,119000
6,1954,2,1278,2,3,NAmes,127500
6,2005,3,1716,3,4,Somerst,200825
2,1922,2,498,2,3,Edwards,35000
7,1978,3,2840,3,4,NWAmes,292500
6,1970,2,987,2,3,BrDale,106000
4,1927,2,756,2,2,Sawyer,85000
8,2002,3,1712,3,5,NridgHt,286500
6,1977,2,1069,2,4,NPkVill,127500
7,2006,3,1335,3,4,Somerst,210400
8,2003,4,1518,4,5,NridgHt,274000
8,2007,3,1780,3,4,Timber,264966
4,1910,1,1484,2,3,IDOTRR,50000
5,1915,2,1652,2,2,OldTown,139000
7,1990,3,2503,3,4,Veenker,300000
8,1972,3,2704,4,4,NAmes,345000
8,1994,3,1592,3,4,CollgCr,228000
7,2003,3,1394,3,4,Gilbert,165500
4,1925,2,1328,2,3,OldTown,107000
8,2001,3,1593,4,5,StoneBr,286000
4,1920,2,720,2,3,IDOTRR,34900
5,1964,2,912,2,3,NAmes,115000
8,2003,3,1456,3,4,Blmngtn,215000
7,1915,2,1944,2,3,OldTown,179900
8,1985,3,1502,3,4,StoneBr,212000
8,2005,3,2064,3,4,Gilbert,250000
5,1928,2,1576,2,3,BrkSide,149000
6,1995,2,1658,2,4,Gilbert,188000
3,1930,2,713,3,3,OldTown,99800
7,1890,2,2554,2,3,OldTown,159500
7,2004,3,1374,3,4,Gilbert,184500
8,2007,3,2574,4,5,CollgCr,276000
6,1976,2,1548,3,4,NPkVill,155000
5,1969,2,1404,2,3,Mitchel,160000
5,1964,2,1440,2,3,NAmes,157500
8,1994,3,1803,3,4,Mitchel,285000
5,1900,2,2200,2,3,Edwards,145900
7,1996,3,2037,3,4,SawyerW,229000
4,1946,2,896,2,3,BrkSide,79000
4,1925,2,1281,2,3,OldTown,128500
8,1998,3,1976,3,4,NoRidge,286000
6,1997,2,1608,2,4,Gilbert,189500
5,1953,2,1210,2,0,NAmes,102900
5,1950,2,1612,2,3,BrkSide,128500
5,1953,2,1728,2,3,NAmes,156000
8,2005,3,2482,3,4,Timber,281213
7,1960,2,2069,3,4,NAmes,242000
6,1960,2,1478,2,3,NAmes,157500
7,2003,3,1724,3,4,Edwards,196500
7,1998,2,1425,2,4,CollgCr,193000
5,1939,2,1322,2,3,BrkSide,132000
7,1900,2,1428,2,3,OldTown,139900
6,1959,2,1194,2,3,NAmes,148000
8,2007,3,1818,4,5,NridgHt,281500
8,2004,3,2956,4,4,NridgHt,342000
6,1975,2,1210,2,3,Mitchel,148000
5,1972,2,1641,2,4,Sawyer,140000
5,1958,2,1053,4,3,NAmes,150000
7,1996,3,2125,3,5,NoRidge,279500
6,2005,2,1072,3,4,Edwards,140000
6,1978,2,1664,2,3,Mitchel,145000
7,1999,3,1337,3,4,NAmes,184000
8,1978,3,1226,3,4,Greens,206000
4,1972,2,1092,2,3,MeadowV,85500
6,1934,2,1660,2,3,Crawfor,188700
6,1978,2,1671,2,3,NWAmes,200000
7,1990,3,1061,3,4,SawyerW,162000
5,1940,2,672,2,3,Sawyer,108000
5,1975,2,1621,2,4,NWAmes,213000
8,2007,3,1734,4,5,NridgHt,318000
5,1898,2,2138,2,3,OldTown,106000
6,1928,2,2009,2,3,Edwards,235000
4,1959,2,1225,2,3,NAmes,128950
6,1961,2,1362,2,3,NAmes,163000
5,1940,2,1134,2,3,Edwards,126000
7,2003,2,2082,3,4,OldTown,200000
5,1958,2,1524,2,3,NAmes,144000
5,1961,2,1800,2,3,NAmes,141000
8,1998,3,2582,3,4,NoRidge,322500
7,1998,2,1661,3,4,CollgCr,224900
5,1923,2,1576,3,3,BrkSide,223500
4,1956,2,960,2,3,Edwards,112000
6,1997,2,1604,2,3,Gilbert,187500
1,1922,1,904,1,2,Edwards,61000
6,1920,2,1196,3,3,Edwards,110000
3,1935,3,729,2,3,BrkSide,52000
6,2005,3,1362,3,4,NridgHt,207000
5,1911,2,1964,2,3,SWISU,130000
4,1967,2,1296,2,0,Sawyer,90000
5,1992,2,1287,2,4,Mitchel,130000
5,1908,2,1252,2,2,BrkSide,127000
9,2006,4,1905,4,5,Somerst,320000
5,1920,2,1130,2,3,OldTown,120000
7,2004,3,1659,3,4,SawyerW,181000
4,1954,2,894,2,3,Edwards,110000
4,1920,1,1701,1,2,OldTown,94550
4,1923,2,869,1,4,BrkSide,85500
5,1977,2,1008,3,4,Mitchel,153500
3,1955,2,1733,2,0,Edwards,139600
5,1967,2,1568,2,3,NAmes,143000
8,1995,3,3238,3,4,NoRidge,410000
6,1998,2,1772,2,4,CollgCr,200000
5,1967,2,864,2,3,NAmes,130000
6,1946,2,1639,3,3,Edwards,154400
8,1976,4,2715,3,3,NWAmes,299800
5,1934,2,1112,2,3,Edwards,63000
5,1957,2,1347,3,3,OldTown,143000
5,1961,2,964,2,3,NAmes,137500
6,1977,2,2872,2,4,NWAmes,272000
6,1992,2,1167,3,4,Gilbert,173000
7,1979,2,1524,2,4,ClearCr,245000
5,1980,2,936,2,4,OldTown,140000
7,2007,3,2696,4,5,CollgCr,383970
4,1954,2,1482,2,3,Edwards,125000
5,1972,2,768,2,4,CollgCr,133000
8,2008,3,1468,3,4,Somerst,244600
5,1968,2,1044,2,3,NAmes,139000
5,1953,2,1036,2,3,NAmes,112900
5,1910,2,1360,2,3,OldTown,111000
6,1957,2,1392,2,3,NAmes,166000
7,1997,3,1950,3,4,Somerst,239000
7,1997,2,1344,2,4,Mitchel,209200
5,1971,2,1484,2,4,NWAmes,175000
7,2003,3,1760,3,4,NridgHt,269500
7,1999,3,2322,2,4,Gilbert,225000
8,1985,3,1742,3,4,StoneBr,275000
5,1941,2,1376,2,3,NAmes,105000
5,1966,2,1086,2,3,NAmes,159950
5,1916,2,1656,2,2,OldTown,135000
8,2007,3,2122,3,4,NridgHt,345474
5,1926,2,1522,2,3,SWISU,102000
7,1971,2,1696,2,4,Crawfor,198000
8,2007,3,2078,4,5,Somerst,339750
5,1936,2,1466,3,2,OldTown,170000
5,1951,2,876,2,2,NAmes,94000
7,2006,3,1737,3,4,CollgCr,203160
7,2006,3,1662,4,4,Somerst,291000
6,2002,3,2267,3,4,Gilbert,200000
5,1967,2,1584,2,3,NAmes,119000
1,1946,1,334,1,0,BrkSide,39300
4,1922,2,796,2,3,IDOTRR,55000
7,2002,3,1812,2,4,Somerst,205000
6,1972,2,1092,2,3,BrDale,108000
5,1967,2,1632,2,3,Mitchel,143000
7,1920,2,3082,2,3,SWISU,197000
7,2007,3,1665,3,4,Somerst,205950
6,1968,3,1743,2,3,NWAmes,175000
8,2003,3,2048,3,5,Somerst,301000
7,2007,3,1314,3,4,NridgHt,230000
7,2003,3,1405,3,4,NridgHt,171750
7,1920,3,1027,3,3,OldTown,120000
5,1930,2,1324,3,3,BrkSide,110000
6,1950,2,1074,3,3,Edwards,144500
5,1970,2,1422,2,3,NAmes,155000
6,1923,2,1200,2,3,OldTown,125000
7,1910,3,1690,3,3,OldTown,156500
6,1977,2,1212,2,4,Sawyer,151000
6,1957,2,1105,2,3,NAmes,135000
4,1972,2,1092,2,3,MeadowV,79400
6,2005,3,1358,3,4,NridgHt,213000
8,2002,3,1908,3,4,Timber,202900
6,1998,2,1796,2,4,CollgCr,211000
5,1961,2,1800,2,3,NAmes,130000
6,1925,2,1608,3,3,SWISU,137450
4,1976,2,1620,2,3,Sawyer,150000
5,1941,2,1111,2,3,Edwards,95000
7,1999,2,1501,2,4,Somerst,179400
5,2007,3,1588,3,4,Somerst,212109
5,1961,2,1235,2,3,NAmes,98600
5,1948,2,1325,3,3,Edwards,216000
8,2000,3,2234,3,4,NoRidge,300000
7,1996,3,2260,3,5,ClearCr,328000
5,1971,2,1109,2,3,NAmes,139000
5,1963,2,1000,2,4,ClearCr,164000
6,1980,2,1045,2,4,Blueste,123900
5,1958,2,858,2,3,BrkSide,116500
6,1997,3,1337,3,4,NAmes,177000
4,1958,2,1315,2,2,IDOTRR,99500
6,2006,3,1326,3,4,Gilbert,174190
7,2005,2,1200,3,4,Somerst,151000
6,2003,3,848,3,4,CollgCr,143750
5,1972,2,796,2,4,Mitchel,131900
5,1977,2,1432,2,4,Mitchel,157000
5,1920,2,1344,2,3,IDOTRR,147000
7,2004,3,1432,3,4,Gilbert,188500
7,2005,3,1364,3,4,NridgHt,185850
5,1965,2,984,2,3,Sawyer,126000
5,1959,2,864,2,3,NAmes,118000
9,2006,3,1612,4,5,StoneBr,319900
6,1984,2,1003,2,3,Mitchel,142500
5,1950,2,1200,2,3,NAmes,129900
7,2005,3,1368,3,4,NridgHt,202500
5,1950,2,1640,2,0,Sawyer,131000
6,1997,2,1838,2,4,CollgCr,185000
6,1978,3,1456,2,4,NPkVill,138000
6,1910,2,1368,2,3,OldTown,114504
6,1945,2,1487,2,3,Edwards,113000
4,1922,2,1154,3,3,IDOTRR,125500
5,1964,3,1020,2,3,Sawyer,165000
5,1900,2,1440,2,3,OldTown,79000
6,2005,3,1236,3,4,Somerst,152000
6,1947,2,1664,2,3,BrkSide,159000
4,1960,2,1100,2,3,NAmes,141000
6,1964,2,1488,2,3,NAmes,167000
5,1942,2,1453,3,3,BrkSide,132000
7,1990,3,1442,3,4,SawyerW,179900
5,1967,2,900,2,3,Sawyer,122000
6,1963,2,1045,2,3,NAmes,127000
6,2002,3,1419,3,4,NAmes,190000
5,1964,2,1452,2,4,Sawyer,158450
5,1963,2,1464,2,4,Sawyer,175000
9,2006,4,1746,4,5,Gilbert,377500
5,1930,2,1536,2,3,BrkSide,138400
7,2005,3,1734,3,4,CollgCr,260000
8,2006,3,1976,3,5,NridgHt,440000
7,2001,3,1212,3,4,CollgCr,178000
5,1968,2,1052,2,3,NAmes,138500
5,1962,2,1057,2,3,Sawyer,132000
6,1953,2,1609,2,3,Edwards,149900
7,1945,2,1668,3,3,BrkSide,108000
5,1975,2,924,2,4,CollgCr,110000
6,1980,2,1229,2,4,Blueste,124000
4,1956,2,882,2,3,OldTown,103200
7,2006,3,1352,3,5,Somerst,194000
5,1968,2,948,2,3,Sawyer,108000
5,1961,2,864,2,3,Sawyer,122000
7,1980,3,1700,3,4,ClearCr,148400
5,1958,2,1276,2,3,Edwards,60000
7,1994,3,1626,3,4,SawyerW,226500
2,1949,2,480,2,3,IDOTRR,35311
6,1975,2,1012,2,4,Edwards,127500
5,1984,2,889,2,3,Mitchel,137500
6,1977,2,1117,2,3,Edwards,147000
8,2004,3,2452,3,5,NridgHt,309000
7,1971,3,2365,4,4,Crawfor,315000
5,1965,2,912,3,3,NAmes,147000
8,2006,3,1567,4,4,Blmngtn,264561
5,1955,2,1360,2,3,NAmes,130000
6,2000,3,1525,3,4,Somerst,177000
5,1930,2,1200,2,4,IDOTRR,119000
7,2004,2,1073,2,4,SWISU,157000
5,1968,2,1159,2,3,Sawyer,158000
4,1955,2,1540,1,3,NAmes,115000
5,1977,2,894,2,4,Sawyer,120750
7,2000,3,1674,3,4,Somerst,216000
4,1970,2,1092,2,3,MeadowV,75000
6,1974,2,1430,2,3,Veenker,192000
6,1978,2,1040,2,3,Sawyer,160500
7,2006,3,1494,3,4,CollgCr,279500
5,1963,2,1075,3,4,Sawyer,148000
5,1967,2,992,3,3,Sawyer,145000
8,1993,3,2520,3,4,NoRidge,310000
6,1963,2,1146,2,3,NAmes,165000
8,1994,3,2448,3,4,NoRidge,402000
7,2005,3,1958,3,4,Somerst,250000
4,1970,2,630,2,4,MeadowV,73000
5,1974,2,1792,2,4,NAmes,136000
9,2005,4,1565,4,5,NridgHt,282500
8,2005,3,1595,3,4,Somerst,221500
4,1995,2,1680,3,4,Crawfor,170000
6,1967,1,1040,2,3,NAmes,163000
8,1995,3,2531,3,4,NoRidge,290000
8,1996,3,2538,3,4,NoRidge,330000
6,1973,2,987,2,3,BrDale,111000
6,1999,2,1755,2,4,CollgCr,214000
5,1953,2,1152,2,3,NAmes,137500
7,2003,3,1884,4,4,Somerst,240900
7,1992,3,1923,3,4,NoRidge,190000
7,2002,3,1611,3,4,CollgCr,250000
5,1976,3,1437,3,4,Veenker,218000
7,1993,3,2075,3,4,NWAmes,255000
7,2006,3,1670,3,4,Gilbert,240000
8,2006,3,2140,3,4,CollgCr,360000
5,1965,2,1265,3,3,NAmes,179900
5,1946,2,3086,4,3,ClearCr,200500
3,1910,2,968,2,3,OldTown,37900
8,2001,3,1312,3,5,Timber,180500
7,2000,2,2787,2,5,SawyerW,269500
7,2003,3,1733,3,4,Gilbert,225000
6,1940,2,1215,3,3,IDOTRR,141000
9,2008,4,1743,4,5,NridgHt,335000
5,1977,3,1026,2,4,CollgCr,150000
9,1981,3,1842,3,5,Veenker,385000
7,1965,2,1986,2,3,NAmes,205000
7,2006,3,1208,3,4,CollgCr,206000
7,2004,3,1422,3,4,CollgCr,179600
4,1951,2,1220,2,2,Edwards,102000
5,1977,2,1126,4,4,NWAmes,175000
5,1956,2,1384,2,3,NAmes,159000
6,1976,2,1127,2,3,Edwards,135000
6,1954,2,1855,2,3,Edwards,136900
5,1961,2,1236,2,3,Sawyer,135000
8,1999,3,2365,3,4,NoRidge,337000
6,1968,2,2654,3,3,NWAmes,250000
8,1996,3,2340,3,4,NWAmes,306000
5,1987,2,1200,2,4,Edwards,179000
7,2007,3,1392,3,4,Somerst,146000
6,1915,2,2180,2,3,IDOTRR,161000
6,1977,2,1610,3,3,NWAmes,205000
7,1986,3,1501,3,4,Timber,241500
4,1961,2,1029,2,3,Sawyer,118500
5,1958,2,1352,3,3,ClearCr,130000
5,1940,2,1072,2,3,OldTown,130000
10,2006,4,2698,4,5,StoneBr,535000
5,1962,2,912,2,3,Sawyer,123000
4,1955,2,1152,2,0,Edwards,82000
7,1920,2,1450,2,3,OldTown,132000
5,1921,2,1073,2,3,OldTown,108480
5,1967,2,1458,2,3,Sawyer,165000
7,2006,3,1486,3,4,SawyerW,181000
5,1961,2,1774,2,3,Sawyer,165000
5,1969,2,1479,2,3,Mitchel,161000
8,2006,3,1504,3,4,Somerst,199000
7,2002,3,1894,3,4,Timber,214900
8,2006,3,1278,3,4,Somerst,198600
8,1998,3,2263,3,4,NoRidge,258000
7,2000,2,2787,2,5,SawyerW,269500
7,2002,3,1414,3,4,Gilbert,176000
6,1964,2,1302,3,4,NAmes,158000
8,2002,3,1419,3,4,Gilbert,184100
6,1971,2,1220,2,3,NWAmes,170000
6,1986,2,1982,2,3,Crawfor,208000
6,2003,3,848,3,4,CollgCr,140000
8,2007,4,1648,4,5,Crawfor,230000
8,1989,3,1337,3,4,StoneBr,188500
5,1940,2,1717,2,4,Crawfor,194000
5,1956,2,1104,2,3,NAmes,133000
5,1978,2,907,2,4,CollgCr,140000
7,2000,3,1652,3,4,CollgCr,207500
6,1967,2,2640,3,3,NWAmes,256900
5,1940,2,1034,2,3,OldTown,109000
5,1979,2,1513,2,0,SawyerW,113722
8,2005,3,1498,3,5,CollgCr,237000
5,1963,2,1053,3,3,NAmes,142100
6,1954,2,1293,2,3,NAmes,149900
9,2008,4,2020,4,5,NridgHt,404000
7,1962,2,2448,2,3,NAmes,277500
6,1985,3,1732,3,4,SawyerW,178000
8,2006,3,1324,3,4,NridgHt,254000
2,1923,2,832,2,2,OldTown,12789
7,1995,2,1253,2,4,Gilbert,176000
9,2006,2,2596,3,5,NridgHt,342643
5,1967,2,902,2,3,Sawyer,125500
6,1989,2,1495,2,4,Timber,150000
8,2007,4,1584,4,4,Somerst,261329
7,2004,2,1080,3,4,SawyerW,141000
4,1953,2,1647,2,3,NAmes,153000
7,2006,3,1258,3,5,Blmngtn,172500
6,1915,2,1396,2,3,BrkSide,153575
5,1930,3,1001,3,3,IDOTRR,124900
9,2006,4,2121,4,5,NridgHt,415298
6,1920,1,1480,2,3,OldTown,119000
8,2006,3,1588,3,4,Somerst,227000
5,1959,3,1053,3,3,NAmes,145500
3,1921,2,492,2,2,OldTown,61500
7,1969,2,1851,2,3,NAmes,192100
6,1915,2,1403,2,3,IDOTRR,116000
6,1958,2,1138,2,3,NAmes,145000
9,2003,3,2452,4,5,NridgHt,445000
5,1977,2,1040,3,4,CollgCr,150500
6,1993,2,1655,2,4,Gilbert,175900
6,1974,2,1116,2,3,NWAmes,167900
7,2006,3,1863,3,4,Gilbert,219210
6,1992,3,1845,3,4,SawyerW,189000
5,1957,2,1176,2,3,NAmes,136500
5,1966,2,892,3,3,Sawyer,137900
5,1910,2,1022,2,3,OldTown,85000
5,1951,2,2136,2,3,NAmes,137900
6,1998,2,1604,2,4,Gilbert,195500
6,1915,2,1647,1,4,SWISU,128000
5,1961,2,864,3,3,Sawyer,135000
5,1975,2,1076,2,3,CollgCr,143195
5,1930,2,935,2,3,BrkSide,79500
7,2003,3,1663,3,4,SawyerW,192500
5,1950,2,1328,2,3,OldTown,129500
6,1995,2,1572,2,4,Gilbert,168000
6,1939,2,1342,2,3,BrkSide,105000
6,1971,2,981,2,3,NAmes,143250
5,1995,2,1099,3,4,CollgCr,144000
7,1994,3,2110,3,4,SawyerW,205000
6,1974,2,1026,2,4,Mitchel,143000
9,2001,3,1419,4,5,Somerst,290000
9,2009,4,2364,4,5,NridgHt,611657
5,1996,2,1040,3,4,CollgCr,152000
8,1992,3,1280,3,4,StoneBr,191500
8,2004,3,2473,3,5,NridgHt,317000
7,1940,2,1302,3,3,Sawyer,165250
5,1966,2,1092,2,3,Edwards,123000
6,1956,2,1188,2,3,Sawyer,185000
7,1962,2,1045,2,3,NAmes,120000
6,1966,2,1093,2,3,NWAmes,158500
6,2004,3,1640,3,4,SawyerW,173000
4,1962,2,1224,2,0,NAmes,101800
7,1936,3,1135,3,4,SWISU,155000
5,1925,2,1078,4,3,OldTown,125000
4,1956,2,968,2,0,OldTown,104500
9,2004,3,2224,4,5,NridgHt,350000
3,1950,2,1040,2,0,NAmes,93500
7,1999,3,1790,3,4,CollgCr,193000
6,1922,2,2555,2,5,Crawfor,191000
6,1930,2,813,3,3,OldTown,110000
8,2001,3,1872,4,4,CollgCr,261500
5,1956,2,1050,2,3,NAmes,128900
9,1993,3,3500,4,5,NoRidge,584500
4,1954,2,948,2,3,Edwards,111000
5,1926,2,1316,2,2,BrkSide,90000
6,1965,2,2380,2,4,NAmes,129000
6,1954,3,1640,3,3,Crawfor,224000
6,2005,3,1200,3,4,Somerst,165000
6,1920,2,1324,2,3,OldTown,122000
8,2006,3,1564,4,4,Timber,267300
9,2008,4,3140,4,5,NridgHt,485000
6,1962,2,2486,2,3,OldTown,220000
6,1997,2,1771,3,4,CollgCr,215700
8,2004,3,1836,3,5,NridgHt,280000
8,2003,3,1575,3,4,NridgHt,284000
4,1970,2,630,2,4,MeadowV,84500
6,1963,2,1395,2,3,NAmes,192000
7,1930,2,1004,3,3,OldTown,105000
7,2004,3,1836,3,4,CollgCr,216837
5,1960,1,1496,3,3,NAmes,141500
5,1967,2,894,3,3,Sawyer,130000
5,1978,2,1040,2,4,CollgCr,124000
5,1923,2,1828,3,4,IDOTRR,150909
5,1952,2,1008,2,3,NAmes,139500
4,1955,2,864,2,3,Edwards,79275
8,2006,3,1484,4,4,Timber,265900
6,1930,2,790,2,4,SWISU,91000
5,1977,2,1934,2,4,Gilbert,185000
5,1959,2,1150,2,3,NAmes,141000
8,2007,3,2152,3,4,NridgHt,260116
4,1941,2,672,2,3,Edwards,113000
8,1995,3,1511,3,4,SawyerW,225000
5,1945,2,793,1,3,NAmes,113000
6,1975,2,1096,2,3,Edwards,125200
8,2007,4,2100,4,5,NridgHt,319500
5,1945,2,1558,2,3,NAmes,140000
6,1958,2,1650,2,4,Timber,250764
8,2007,4,2088,3,4,NridgHt,250000
6,2005,3,1536,3,4,Gilbert,176000
6,1957,2,1721,2,3,NAmes,174850
6,1978,2,1548,2,4,NPkVill,147000
6,1979,2,918,2,4,SawyerW,99500
9,2009,3,2690,4,5,NridgHt,398800
6,1999,2,1647,2,4,Gilbert,175000
5,1954,2,825,2,3,NAmes,109500
6,1970,2,1657,2,4,NAmes,163500
4,1941,2,788,2,3,BrkSide,100000
8,1992,3,2826,3,5,NoRidge,334000
5,1968,2,864,2,3,Sawyer,137250
7,2005,3,2462,3,4,Gilbert,320000
5,1959,2,1287,3,3,NAmes,162000
7,2009,4,1478,3,5,Somerst,222000
7,2003,3,1342,3,4,Gilbert,178000
5,1940,2,804,3,3,OldTown,119000
5,1962,2,1812,2,3,NAmes,169500
7,2000,3,2256,3,4,Gilbert,236000
8,2007,4,1648,4,5,Crawfor,294464
6,1969,2,2112,2,2,NAmes,206900
7,2004,3,2084,3,4,SawyerW,233000
6,1924,2,1032,2,3,OldTown,108000
6,1995,2,1470,2,4,Gilbert,165000
5,1977,2,1040,2,4,CollgCr,134900
5,1939,3,884,2,3,BrkSide,113000
5,1996,2,1097,2,4,CollgCr,147900
5,1922,2,864,2,2,Edwards,99900
6,1975,2,1456,2,4,NPkVill,143000
6,1934,2,1176,2,3,BrkSide,114500
5,1967,2,941,2,3,Sawyer,129200
8,2008,4,1652,3,5,Crawfor,392500
7,1941,4,2340,3,3,Crawfor,266500
7,1998,3,1382,2,4,Gilbert,177500
5,1968,2,1008,3,3,Mitchel,139500
6,2007,3,1396,3,4,CollgCr,170000
6,1964,2,2154,2,3,NAmes,224500
8,2003,3,2400,3,4,NridgHt,290000
7,1931,2,1818,2,3,IDOTRR,169500
7,2004,3,1710,3,5,Mitchel,240000
5,1955,2,1150,2,3,NAmes,144000
6,1964,2,1977,2,3,NAmes,165000
6,1990,3,1332,3,4,SawyerW,145000
5,1964,2,1298,2,3,Edwards,114000
8,2006,3,1973,3,4,NridgHt,395000
6,1973,2,1092,2,3,BrDale,105500
8,1998,3,1916,3,4,Mitchel,254900
5,1950,2,1238,2,3,NAmes,102000
7,2001,3,1840,3,4,CollgCr,230000
5,1920,2,1513,2,3,BrkSide,137500
5,1928,3,1143,2,3,BrkSide,138000
6,1983,3,1338,3,4,SawyerW,156500
4,1970,2,864,2,3,NAmes,124500
7,1977,2,1969,2,4,NWAmes,190000
7,2007,3,1266,3,4,Blmngtn,159895
5,1921,2,2601,2,3,SWISU,189000
5,1964,2,912,2,3,Sawyer,124000
5,1957,2,1392,2,4,Sawyer,121500
5,1957,2,1824,2,3,NAmes,146000
7,2000,3,1823,3,4,CollgCr,235000
8,2004,3,1646,3,5,Crawfor,300000
4,1970,2,1092,2,3,MeadowV,90500
5,1965,2,1728,2,3,NAmes,142600
7,2002,3,1573,3,4,CollgCr,227000
7,1940,2,2480,2,3,Crawfor,205000
8,1999,3,1341,3,4,CollgCr,246900
4,1895,2,1361,2,1,IDOTRR,89000
4,1948,2,1120,1,3,Edwards,64000
8,1978,3,1226,3,4,Greens,170000
9,2008,4,2822,4,5,NridgHt,582933
6,1925,2,1103,3,3,OldTown,110500
6,1960,2,1179,2,3,Edwards,110000
5,1947,2,698,2,3,Edwards,118000
7,2003,3,2046,3,4,NridgHt,284000
6,1962,2,1716,2,3,NAmes,171000
7,2004,3,1812,3,4,SawyerW,193000
5,1976,2,1178,2,4,Mitchel,135000
7,1919,2,1636,3,3,Crawfor,167000
4,1950,2,864,2,3,OldTown,105000
7,1999,3,1588,3,4,CollgCr,214000
8,2004,3,1914,3,4,NridgHt,279000
6,1975,2,1875,3,3,NWAmes,184500
3,1948,2,1183,2,3,OldTown,120000
6,1992,3,1730,3,4,SawyerW,171500
7,2006,3,1250,3,4,Somerst,164700
6,1989,3,2559,4,4,SawyerW,209000
7,2004,3,1548,3,4,Blmngtn,225000
5,1910,2,1184,2,3,Edwards,81000
8,2006,3,1670,3,5,Somerst,336820
7,1988,3,2062,2,4,SawyerW,277000
5,1960,2,894,2,3,NAmes,117600
6,1950,2,1668,2,3,NAmes,140000
9,2008,4,1766,4,5,CollgCr,395039
6,2007,3,1496,3,4,Gilbert,181755
7,2005,3,1400,3,4,SawyerW,186800
5,1965,2,2140,2,3,NAmes,177500
4,1927,2,968,2,3,OldTown,64500
7,2004,3,1488,3,5,Somerst,260000
7,2007,3,1266,3,4,Blmngtn,185485
5,1931,2,875,2,3,BrkSide,105000
6,1976,3,1855,2,3,Veenker,187000
7,1984,3,1621,3,4,NWAmes,202500
7,2005,3,1614,3,4,NridgHt,245700
6,1980,2,1266,2,3,SawyerW,128000
8,2005,3,2098,4,4,NridgHt,275500
7,1999,3,1983,3,4,Gilbert,225000
5,1959,2,1183,2,4,NAmes,138000
6,1971,2,1092,2,3,BrDale,88000
9,2006,4,2643,4,4,NridgHt,380000
8,2007,3,1660,3,4,Somerst,256000
5,1951,2,900,3,3,NAmes,134800
6,1980,2,1229,2,4,Blueste,121000
7,2007,3,1761,3,4,Somerst,227875
8,2008,3,1694,3,4,CollgCr,245350
5,1920,2,1248,2,3,OldTown,93500
5,1920,2,835,2,3,Edwards,83000
6,1992,3,1953,3,4,ClearCr,240000
5,1901,2,1173,2,3,OldTown,113000
6,1958,2,1215,2,3,NAmes,155000
6,1961,2,912,3,3,Sawyer,142000
6,1926,3,904,2,3,BrkSide,119000
6,1940,2,1750,2,4,Mitchel,160000
6,2004,2,1593,2,3,Gilbert,193000
8,1992,3,2202,3,5,NoRidge,263000
7,2005,3,1310,3,4,CollgCr,164990
4,1954,2,948,2,3,Edwards,119000
8,2006,3,1448,3,4,Somerst,238500
7,1975,2,1533,3,4,ClearCr,280000
8,2006,3,1565,3,4,Somerst,193800
5,1976,2,1060,2,4,MeadowV,129900
5,1994,2,990,2,4,CollgCr,145000
8,2001,3,1787,3,4,CollgCr,275000
3,1950,2,1040,2,0,NAmes,81400
5,1954,2,1089,2,4,Edwards,125000
4,1920,2,861,2,2,OldTown,80000
5,1924,2,1296,1,3,SWISU,104000
7,1996,3,1720,3,4,NoRidge,260400
7,1981,3,1479,3,4,NWAmes,176000
5,1966,2,1040,2,3,Sawyer,123000
9,2000,3,2172,4,5,NoRidge,291000
6,1948,2,972,2,3,NAmes,132000
6,2005,2,1456,3,4,Gilbert,176000
5,1956,2,1728,2,3,NAmes,177625
5,1924,2,1221,2,3,Edwards,104900
7,1999,3,1749,3,4,CollgCr,196000
9,2005,4,1577,4,5,NridgHt,280000
7,1995,2,1474,2,4,Gilbert,168500
6,1995,2,1671,2,4,Gilbert,170000
3,1953,2,2034,2,0,Mitchel,130000
7,1939,2,2009,2,3,BrkSide,150000
5,1996,2,1100,2,4,CollgCr,145000
5,1976,2,1728,2,3,Mitchel,188000
6,1997,2,1600,2,4,Gilbert,169000
5,2006,2,1125,2,4,Edwards,155000
7,2004,3,1391,3,4,Somerst,196000
7,2002,3,1995,3,4,Gilbert,219500
6,2005,3,1456,3,4,Gilbert,170440
6,1977,2,1426,2,3,Edwards,159500
10,2008,4,5095,4,5,Edwards,183850
7,1970,2,1682,2,3,NWAmes,174000
7,1970,2,1277,2,3,NAmes,167000
6,1976,2,1456,2,4,NPkVill,148500
5,1979,2,2228,2,0,SawyerW,147983
6,1980,2,1217,2,4,SawyerW,120000
5,2005,2,1090,2,5,Edwards,157000
5,1948,2,1456,2,2,Edwards,91500
5,1910,2,796,2,2,Edwards,85000
5,1965,2,1214,2,3,Edwards,140000
5,1966,2,955,2,3,Sawyer,127000
6,2003,3,1728,3,4,Somerst,207500
6,1935,2,3672,3,3,Edwards,415000
6,1960,2,1561,2,3,Crawfor,193000
6,1994,2,1481,2,4,Gilbert,174000
7,1948,2,1527,2,3,NAmes,152500
7,2003,3,1640,3,4,CollgCr,183000
5,1951,2,1480,2,3,Edwards,136500
7,2001,3,1792,3,4,CollgCr,231500
5,1952,2,1148,2,5,Edwards,123500
5,1955,2,1393,2,3,Edwards,135500
6,1976,2,1044,2,3,Edwards,133500
5,1963,2,1144,2,3,NAmes,124000
8,1998,3,1924,3,4,NoRidge,280000
9,1999,3,2599,3,4,NoRidge,333168
8,2003,3,2283,3,4,Gilbert,270000
6,1950,2,1133,2,3,NAmes,128500
6,1990,3,1398,3,4,SawyerW,172000
5,1971,2,810,2,4,Sawyer,130000
6,2005,3,1306,3,4,NridgHt,196000
5,1941,2,803,2,3,IDOTRR,87000
5,1950,2,1435,2,2,BrkSide,128250
6,1978,2,2073,2,4,NWAmes,210000
6,1932,2,1991,2,3,Crawfor,220000
4,1950,2,1067,3,4,Sawyer,128000
5,1900,2,1174,3,3,OldTown,135000
4,1991,2,1689,2,4,Mitchel,228500
6,1939,2,1132,2,3,BrkSide,134000
6,1956,2,1024,3,3,NAmes,157500
8,1993,3,2232,3,4,NoRidge,263550
6,1981,3,1440,3,4,NWAmes,182900
6,1988,3,1680,3,4,Crawfor,222000
5,2007,2,1092,2,4,Mitchel,146000
5,1948,2,1559,2,3,OldTown,153500
9,2004,3,1980,4,5,NridgHt,315000
8,1998,3,2630,3,4,NoRidge,315000
8,2007,3,1861,3,4,Somerst,257000
4,1964,2,1200,2,4,Mitchel,173000
5,1948,2,2320,2,0,Gilbert,169000
8,2003,3,2200,4,5,NridgHt,382500
8,2002,3,1795,3,4,CollgCr,230000
5,1954,2,1297,2,3,NAmes,153000
5,1953,2,1319,2,3,NAmes,123000
7,1998,2,1463,2,4,CollgCr,207000
7,1880,2,3493,3,3,OldTown,295000
5,2003,3,1094,3,4,SawyerW,149000
6,2002,3,1960,3,4,Gilbert,216500
5,1958,2,808,2,3,BrkSide,112000
5,1967,2,943,2,3,Sawyer,134500
7,2007,3,1246,3,4,Blmngtn,187687
4,1920,2,1128,2,3,IDOTRR,68400
6,1958,3,951,3,3,NAmes,143500
7,1989,3,1644,3,4,SawyerW,275000
7,1988,2,1959,2,3,Mitchel,171000
6,2000,3,2054,3,4,Gilbert,244000
5,1971,2,874,2,3,Mitchel,130000
8,2006,3,1685,3,4,Somerst,253000
4,1941,2,693,1,3,OldTown,52500
8,1989,3,1034,3,4,Blueste,185000
6,2005,3,1490,3,4,Gilbert,167800
8,2004,3,1713,4,5,NridgHt,274900
7,1980,2,1472,2,4,NWAmes,187500
7,2005,3,1971,3,4,Somerst,253000
4,1973,2,988,2,4,MeadowV,105000
6,1961,2,1576,3,3,NAmes,174500
7,1996,3,2049,3,4,CollgCr,210900
4,1947,2,1531,2,3,Edwards,127000
7,2004,3,1358,3,4,NridgHt,207000
7,1978,2,2050,3,4,NWAmes,154000
9,2006,4,2338,3,5,StoneBr,591587
5,1925,2,2640,2,3,OldTown,180000
5,1967,2,1584,2,3,NAmes,124000
6,1980,2,2237,3,4,Timber,204000
7,1928,2,1477,2,3,SWISU,145000
5,1967,2,1510,3,3,NAmes,178900
8,1997,3,2392,3,4,NoRidge,348000
6,1915,2,1716,3,3,BrkSide,162500
5,1971,2,868,2,4,Sawyer,119900
7,1998,2,1632,2,4,Gilbert,176500
5,1939,2,1077,2,3,BrkSide,118000
5,1953,2,773,2,3,NAmes,110000
7,1998,3,1839,2,4,NoRidge,221000
8,1998,3,2450,3,4,NoRidge,340000
7,1910,2,2019,3,4,BrkSide,167500
8,2006,3,1636,3,4,Somerst,255000
7,2004,3,1374,3,4,Gilbert,170000
5,2005,2,1072,2,4,Edwards,145000
4,1972,2,630,2,4,MeadowV,81000
6,1958,4,1414,2,4,NAmes,176500
8,2004,3,1694,3,5,Somerst,307000
7,2001,3,1690,3,4,CollgCr,190550
7,1980,3,2353,4,4,NWAmes,260000
7,1976,2,1055,2,3,NPkVill,137500
6,1973,2,1055,3,4,Sawyer,147000
5,1961,2,1144,2,3,Sawyer,131400
8,2004,3,2332,4,5,NridgHt,316000
6,1971,2,1824,2,3,Mitchel,139000
5,2006,2,1442,2,4,Timber,172500
5,1914,2,1784,2,4,Crawfor,138887
6,1935,2,2108,3,3,Edwards,235000
5,1962,2,894,2,3,NAmes,109500
4,1924,2,1430,1,3,IDOTRR,107000
7,2002,3,1776,3,4,CollgCr,192500
6,1977,3,1602,3,4,NWAmes,215000
6,1910,2,1650,2,4,OldTown,144100
6,1959,2,864,2,3,NAmes,127500
7,1993,3,2200,3,4,SawyerW,225000
8,2007,3,1710,3,5,NridgHt,372402
5,1962,2,912,2,3,Sawyer,144000
6,1999,2,1501,2,4,Somerst,176500
6,1924,2,1310,2,2,OldTown,112000
6,1973,2,987,2,3,BrDale,100000
4,1970,2,1092,2,3,MeadowV,88000
5,1976,2,1680,2,3,NWAmes,136905
4,1971,2,874,2,3,NAmes,97500
3,1945,2,729,2,0,IDOTRR,51689
6,1959,3,1252,3,3,NAmes,142000
8,2006,3,1828,3,4,NridgHt,250000
6,1993,2,2495,3,4,NWAmes,243500
6,2005,3,1306,3,4,NridgHt,184500
7,1991,2,1478,2,4,Mitchel,210000
5,1963,3,912,3,3,Sawyer,129000
2,1941,2,540,2,3,IDOTRR,82000
6,1997,2,1604,2,4,Gilbert,181000
5,2005,3,1536,3,4,CollgCr,167000
6,2000,2,1671,2,4,Gilbert,173000
7,2005,3,1611,3,4,CollgCr,195800
6,1969,3,1844,3,3,Crawfor,223000
7,2005,3,1367,3,4,NridgHt,192000
7,1979,2,1725,2,3,NWAmes,197000
8,2006,3,2389,3,5,NridgHt,298236
7,1927,2,1718,3,3,Crawfor,238000
5,1960,2,1556,2,3,NAmes,119000
7,1968,2,2156,2,3,NWAmes,262500
9,2007,4,1978,4,5,Timber,425000
4,1900,2,1178,2,3,IDOTRR,102776
5,1971,2,1078,2,3,NAmes,149900
6,1977,2,1285,3,3,Mitchel,190000
8,1989,3,1191,3,4,Blueste,162500
6,1997,2,1494,3,4,CollgCr,217000
4,1922,2,1180,1,2,Crawfor,137500
8,2006,3,1795,3,5,Somerst,270000
5,1974,2,894,2,3,Sawyer,142500
6,1965,2,1042,2,3,NAmes,161000
4,1970,2,1092,2,3,MeadowV,93900
7,1953,3,2287,2,3,ClearCr,225000
9,2003,3,2668,4,5,NridgHt,412500
4,1922,2,1414,2,3,Edwards,83000
6,1939,2,1232,2,3,BrkSide,128000
6,1995,3,1609,3,4,SawyerW,182000
8,2008,4,1932,4,5,NridgHt,394617
8,2007,3,1728,3,4,Timber,298751
4,1940,2,861,2,3,Edwards,82500
6,1928,2,1913,2,3,Crawfor,177000
4,1956,2,1200,2,3,NAmes,144000
7,1999,2,1804,3,3,Gilbert,189000
